"oclc编号 - oclcNumber","书号 - isbns","书名 - title","作者 - creator","出版日期 - publicationDate","语言 - catalogingLanguage","格式 - generalFormat","详细格式 - specificFormat","版本 - edition","总版本数 - totalEditions","出版社 - publisher","出版地 - publicationPlace","主题 - subjects","简介 - summaries","是否同行审阅 - peerReviewed"
"1377754512","","通信简史 : 从遗传编码到量子信息 = Brief history of communications","杨义先, author","2020","chi","Book","Digital","Di 1 ban",2,"人民邮电出版社","Beijing","Communication History,Information Histoire,Communication,History","一说起通信,几乎人人是专家.是呀,谁不天天打电话,谁不时时在上网,谁能离开计算机,谁又不需要大数据、物联网和人工智能等信息系统呢?这一切的核心其实都是通信,准确地说都是电子通信.但是,即使许多通信专家过去也不曾全面深入地思考过通信的前世今生,绝大多数通信史籍只认定了从烽火开始的区区3000年文明通信史,而忽略了整个生物界长达38亿年的通信史,忽略了真核生物长达23亿年的通信史,忽略了原生生物长达15亿年的通信史,忽略了植物长达12亿年的通信史,忽略了动物长达10亿年的通信史,忽略了人类长达数百万年的通信史,特别是忽略了长达7万年的语言通信史以及长达8000年的文字通信史.那么,在没有文字记载的情况下,史前通信史是咋写出来的呢?嘿嘿,你看完本书就知道了,而且我们保证书中内容绝无杜撰之嫌.本书当然不是为讲历史而讲历史,其实是希望通过回顾历史来展望未来,特别是展望通信即将引发的第三次革命--智能革命的未来.因此,特意增加了最后一章""未来通信"",一方面揭示通信即将面临的香农信道容量危机,另一方面努力寻求可能的应对措施","否"
"1344456576","9787115582614,7115582610","演讲的逻辑 : 关键时刻真实, 清晰, 高效表达","陶峻, author","2022","chi","Book","PrintBook","Di 1 ban",1,"人民邮电出版社","Beijing Shi","Public speaking,Speech Study and teaching,Voice (Philosophy),Voice culture,Art de parler en public,Voix (Philosophie),Voix Culture","","否"
"1129866177","9787115472410,7115472416","为一年级做准备 轻松无障碍阅读 / 3","童趣出版公司.","2018","chi","Book","PrintBook","Di 1 ban",1,"人民邮电出版社","Beijing","Yue du ke Xue qian jiao yu Jiao xue can kao zi liao","Ben shu bao han de nei rong you:ping guo lu sa ji e tong ji ling,Ke ai biao zhi yuan zheng ji,Zhong xin chu fa","否"
"1129703749","9787115484314,7115484317","超人总动员","童趣出版公司.","2018","chi","Book","PrintBook","Di 1 ban",4,"人民邮电出版社","Beijing","Yue du ke Xiao xue Ke wai du wu","Ben shu jiang shu:chao ren ba bao bo tui yin jiang hu hou,Bu gan xin guo pu tong ren de sheng huo,Yi zhi huai nian yong chao neng li bang zhu shi ren de jiu shi guang.Yi tian ta shou dao le yi ge mi mi yao qing,Rang ta you ji hui zhong xin zuo hui""chao neng xian sheng"".Ba bao bo man zhe jia ren tou tou jie shou le ren wu,Mei xiang dao zhei jing ran shi yi ge quan tao","否"
"1076493594","9787115482099,7115482098","英语语法新图解 : 用思维导图快速学语法","赵静, author","2018","chi","Book","PrintBook","Di 1 ban",1,"人民邮电出版社","Beijing Shi","English language Grammar,English language Textbooks for foreign speakers Chinese,English language Study and teaching Foreign speakers,Anglais (Langue) Étude et enseignement Allophones,English language,Textbooks for Chinese speakers","","否"
"1097898371","9787115482716,7115482713","电工实用线路300例","王兰君.","2018","chi","Book","PrintBook","Di 5 ban",7,"人民邮电出版社","Beijing","Dian lu Ji ben zhi shi","Ben shu bao liu di 4 ban de jing dian,Shi yong de xian lu wai,Hai yi xin de xing shi ju li ji dian gong tong xing peng you,Zhan xian zhen shi de dian gong chang yong xian lu de lian jie,Yi zhen zheng zhi guan ming le de fang fa shuo ming dian gong zai gong zuo zhong chang jian de xian lu ying yong.Ben shu bu dan jing xuan le dian gong chang yong de jing dian xian lu,Hai yi shi wu de fang shi jia yi shuo ming ying yong,Yi du te de shi jiao qu zhan xian zhen shi de dian gong ying yong xian lu,本书保留第4版的经典,实用的线路外,还以新的形式举例给电工同行朋友,展现真实的电工常用线路的连接,以真正直观明了的方法说明电工在工作中常见的线路应用.本书不但精选了电工常用的经典线路,还以实物的方式加以说明应用,以独特的视角去展现真实的电工应用线路","否"
"1089849862","9787115479709,7115479704","新媒体运营 : 产品运营+内容运营+用户运营+活动运营","勾俊偉, author","2018","chi","Book","PrintBook","Di 1 ban",1,"人民邮电出版社","Beijing Shi","Digital media China Management,Médias numériques Chine Gestion,China","","否"
"1097981492","9787115474865,7115474869","呼兰河传","萧红 (1911-1942)","2018","chi","Book","PrintBook","Di 1 ban",425,"人民邮电出版社","Beijing","Zhang pian xiao shuo Zhong guo Xiandai","","否"
"1130330536","9787115502902,7115502900","爱丽丝漫游奇境","卡罗尔 Carroll, Lewis 1832-1898","2019","chi","Book","PrintBook","Di 1 ban",242,"人民邮电出版社","Beijing","Tong hua Ying guo Jindai","<爱丽丝漫游奇境记>是世界上流传最广,影响最大的童话之一.写的是小女孩爱丽丝在梦中的一系列的奇异经历;爱丽丝追赶一只奇怪的兔子,不小心掉入了兔子洞,开始了她的奇幻旅游......","否"
"1243242302","9787115520487,7115520488","小公主苏菲亚","童趣出版公司.","2020","chi","Book","PrintBook","Di 1 ban",,"人民邮电出版社","Beijing","Tu hua gu shi Zhong guo Dangdai,Han yu pin yin Yu yan du wu","本书包含4个小故事:<苏菲亚的新生活><护身符的诅咒><我的妈妈被抢走了>和<想当面包师的国王>.让孩子们认识苏菲亚这样一位平易近人,充满孩子气的可爱小公主","否"
"1200845434","9787115523716,7115523711","木兰的新年","童趣出版公司.","2020","chi","Book","PrintBook","Di 1 ban",1,"人民邮电出版社","Beijing","Tu hua gu shi Zhong guo Dangdai","本书里,木兰还是一个七岁的小姑娘,这是她第一次和家人一起筹备新年.她一大早起来,穿上红袄,为家里各个角落插满象征着喜庆的红色花枝,还和爸爸一起写福字,贴对联.本书借小木兰的视角,让孩子在领略红红火火中国年喜庆气氛的同时,感受中国人重视家庭团圆的文化内核,并了解中国新年的多种风俗","否"
"1178945561","9787115512109,7115512108","吃货小组进化论","伍美珍","2019","chi","Book","PrintBook","Di 1 ban",3,"人民邮电出版社","Beijing","Er tong xiao shuo Duan pian xiao shuo Xiao shuo ji Zhong guo Dangdai","本书收录了<吃货小组进化论><我的乐淘六年级><加油吧,老师><神秘艾玛特学园>4篇小说","否"
"1080109166","9787115477293,7115477299","千姿百态的禽鸟","王忠富.","2018","chi","Book","PrintBook","Di 1 ban",1,"人民邮电出版社","Beijing","Brush drawing China Technique,Ink painting, Chinese,Birds in art Technique,Flowers in art Technique,Dessin au lavis Chine Technique,Peinture à l'encre chinoise,Oiseaux dans l'art Technique,Fleurs dans l'art Technique,Brush drawing Technique,China","","否"
"1091374882","9787115490131,7115490139","具体生活","Jun Wu","2019","chi","Book","PrintBook","Di 1 ban",2,"人民邮电出版社","Beijing","Self-actualization (Psychology),Work-life balance,Conciliation travail-vie personnelle,essays,Essays,Essais","","否"
"1129689397","9787115469007,7115469008","水浒传","施耐庵 (约1296-1370)","2018","chi","Book","PrintBook","Di 1 ban",1300,"人民邮电出版社","Beijing","Gu dian xiao shuo Zhongguo Suo xie Ming dai,Zhang hui xiao shuo Zhongguo Suo xie Ming dai,Zhang pian xiao shuo Zhongguo Suo xie Ming dai","","否"
"1129841029","9787115471710,7115471711","象王泪","沈石溪 (195210-)","2018","chi","Book","PrintBook","Di 1 ban",8,"人民邮电出版社","Beijing","Er tong xiao shuo Zhong pian xiao shuo Zhongguo Dang dai","本书讲述了迟暮之年的老象王火扎预感到死亡的临近,为了象群的未来,它开始在众多公象中挑选未来的继任者.最终,它选中了一头名叫影叠的小公象,并开始费尽心思地培养它.然而,影叠会顺利继承王位吗,火扎又会迎来怎样的命运","否"
"1130351703","9787115501981,711550198X","五彩龙鸟","沈石溪 (1952-)","2019","chi","Book","PrintBook","Di 1 ban",4,"人民邮电出版社","Beijing","Er tong xiao shuo Zhang pian xiao shuo Zhong guo Dangdai","两个原是近亲的恐龙家族, 在地球灾变发生后走上了不同的进化道路: 岫的家族延续冷酷的丛林争斗, 捕杀巨型恐龙, 甚至吃食同类, 其种族因此灭绝; 澄的家族却远离丛林争斗, 辛勤地筑窝铺巢, 建立温情家庭, 其种族因此延续至今","否"
"1097967209","9787115471116,7115471118","最后一头战象","沈石溪 (195210-)","2018","chi","Book","PrintBook","Di 1 ban",40,"人民邮电出版社","Beijing","Er tong xiao shuo Duan pian xiao shuo Xiao shuo ji Zhong guo Dangdai","Ben shu shou lu le hu lang da zhan xiang jing ci kong que de lian qing zai bei hu li pian yi ci xiang zhong deng 13 pian dong wu xiao shuo,本书收录了<虎狼大战><象警><雌孔雀的恋情><再被狐狸骗一次><象冢>等13篇动物小说","否"
"1130383362","9787115502919,7115502919","绿野仙踪","鲍姆 (Baum, Lyman Frank)","2019","chi","Book","PrintBook","Di 1 ban",240,"人民邮电出版社","Beijing","Tong hua Mei guo Jindai","这是一本少儿文学书.作品全都是来自世界著名作家的经典名作,内容可读性强,文学性高,是孩子成长阶段不可错过的故事.注音识字能够帮助孩子完成从亲子阅读向独立阅读的过渡,符合桥梁书的特点.而且故事活泼有趣,很容易引起孩子的阅读兴趣","否"
"1129666588","9787115472359,7115472351","小战马","塞顿 Seton, Ernest Thompson 1860-1946","2018","chi","Book","PrintBook","Di 1 ban",,"人民邮电出版社","Beijing","Er tong wen xue Duan pian xiao shuo Xiao shuo ji Jianada Suo xie Xian dai","Ben shu jing xuan liu pian xi dun jing dian dong wu xiao shuo, bao kuo< xiao zhan ma>< lang wang luo bo>< song ji hong bo zi>< wei ni pai ke de lang>< zhen ke de gu shi>.Xiao zhan ma ke bu shi zhen de""ma"", ta shi yi zhi zhang er da ye tu, pao de kuai,Nao zi ling,Dan zi da,You yi li, chang chang ba lie gou wan nong yu gu zhang zhi jian.Zai ren lei qing sao ye tu de xing dong zhong, xiao zhan ma bei song dao le shou lie yuan de sai chang shang, cheng le sai gou men zhui zhu de mu biao.Xiao zhan ma hui ying lai zen yang de ming yun? ta hai you ji hui hui dao gu xiang de tian ye shang ma?","否"
"1129861536","9787115470140,7115470146","流浪的""国王""","罗伯茨 查尔斯.","2018","chi","Book","PrintBook","Di 1 ban",2,"人民邮电出版社","Beijing","Er tong xiao shuo Duan pian xiao shuo Xiao shuo ji Jianada Suo xie Xian dai","Ben shu nei rong bao kuo: liu lang de""guo wang""; yu huo de hei xiong; wa dong de jin hua shu; hui lao da; nong chao de xiong","否"
"1243209872","9787115516640,7115516642","狼国女王 = Wolf queen","沈石溪 (1952-)","2019","chi","Book","PrintBook","Di 1 ban",6,"人民邮电出版社","Beijing","Er tong xiao shuo Zhang pian xiao shuo Zhong guo Dangdai","本书讲述了:一次虎口夺食,狼王盔盔不幸遇难,母狼紫葡萄临危受命,出任帕雅丁狼群首任女狼王,狼群命运自此改写.有过灾难和痛苦;有过危险和挣扎;有过无奈和坎坷;有过柔情和关爱,她联合宛莫沙狼群,与断牙血瘤虎展开决战,坚守了狼群的领地.紫葡萄凭借出众的胆识,魄力,仁慈与宽容,谱写了一部荡气回肠的狼国女王传奇","否"
"1115014787","7115500177,9787115500175","你真好听 : 好声音训练法 = Discover your voice = a step-by-step guide to unleashing the power of your voice","Rama Vaidyanathan","2018","chi","Book","PrintBook","Di 1 ban",1,"人民邮电出版社","Beijing","Voice culture,Respiration,Voice Training,Voix Culture,Fa sheng fa","<你真好听>围绕人类语音这一重要的应用领域, 基于宝莱坞明星声音教练拉玛女士20多年的的语音培训经验, 提出了语音有效运用的一般概念和特别概念, 分别针对大众和不同职业的语音应用者阐述了语音训练的技巧, 关键点, 以帮助语音使用者实现高效地实现其表达, 沟通等目的","否"
"1198131291","9787115513335,7115513333","嘻哈班长的地盘","伍美珍","2019","chi","Book","PrintBook","Di 1 ban",3,"人民邮电出版社","Beijing","Er tong xiao shuo Duan pian xiao shuo Xiao shuo ji Zhong guo Dangdai","本书收录了<嘻哈班长的地盘><冤家兄妹口水战><实力侦探社><认识你们很值得>4篇小说","否"
"1204199685","9787115473523,7115473528","财经应用文 : 写作技巧 范例模板 实战训练 = Financial applied writing","陈承欢","2019","chi","Book","PrintBook","Di 1 ban",1,"人民邮电出版社","Beijing","Business writing,Commercial correspondence, Chinese,Document writing, Chinese,Style commercial","","否"
"1129680214","9787115472373,7115472378","绿山墙的安妮","蒙哥玛利 Montgomery, Lucy Maud 1874-1942","2018","chi","Book","PrintBook","Di 1 ban",90,"人民邮电出版社","Beijing","Er tong xiao shuo Zhang pian xiao shuo Jianada Suo xie Xian dai","Zai ai de hua wang zi dao shang you yi dong lü shan qiang nong she, li mian zhu zhe xiang yi wei ming de ka si bo te xiong mei.Yin wei shang le nian ji, shen ti jian jian bian de zao gao, suo yi ta men jue ding zai gu er yuan shou yang yi ge neng gan nong huo de xiao nan hai, dan shi que jie dao yi ge shou ruo de nü hai an ni.An ni you zhe yi tou nong mi de hong fa, zhang zhe xu duo que ban, neng shuo hui dao, fu you chao qi he huo li.Zai yu an ni jiao liu hou, ma xiu he ma li la de zhi le ta de shen shi, bu jin shi fen lian xi zhei ge nü hai, bing qie ta men ye fei chang xi huan an ni shen shang san fa chu lai de huo li.Yu shi ta men gai bian song zou ta de xiang fa, ba an ni liu le xia lai.An ni zong hui you xu duo qi si miao xiang, sui ai chuang huo, que wu shang da ya.Zhei yi qie che di gai bian le ka si bo te xiong mei ke ban wu qu de sheng huo.An ni de huo li he re qing zong shi gan ran zhe shen bian de mei yi ge ren.Zai xue xiao, an ni qin mian hao xue, hen shou huan ying, ta you xu duo hao peng you.Tong shi, ta de qin fen ye wei ta ying de le shang da xue de jiang xue jin tian you bu ce feng yun, ma xiu tu ran qu shi, an ni yi ran jue ran di xuan ze liu xia zhao gu ke lian de ma li la.Ta fang qi shang da xue de ji hui, kang qi jia ting de zhong dan, yong gan di mian dui lü shan qiang nong she de kun jing","否"
"1129655616","9787115484468,7115484465","小公主苏菲亚","童趣出版公司.","2018","chi","Book","PrintBook","Di 1 ban",1,"人民邮电出版社","Beijing","Tu hua gu shi Zuo pin ji Meiguo Xian dai","本书收录了《皇家学校参观日》《小领袖苏菲亚》《皇家睡衣派对》《飞行比赛》等8个故事","否"
"1336559783","9787115546937,7115546932","福尔摩斯探案集","柯南道尔 Doyle, Arthur Conan 1859-1930","2021","chi","Book","PrintBook","Di 1 ban",11,"人民邮电出版社","Beijing","Zhen tan xiao shuo Xiao shuo ji Ying guo Xiandai Suo xie,Duan pian xiao shuo Xiao shuo ji Ying guo Xiandai Suo xie","","否"
"1243225957","9787115525185,7115525188","哪吒闹海","上海美术电影制片厂.","2020","chi","Book","PrintBook","Di 1 ban",11,"人民邮电出版社","Beijing","Er tong gu shi Tu hua gu shi Zhong guo Dangdai","","否"
"1129872141","9787115470492,7115470499","背影","朱自清 (1898-1948)","2018","chi","Book","PrintBook","Di 1 ban",179,"人民邮电出版社","Beijing","San wen ji Zhongguo Xian dai","本书收录了朱自清先生脍炙人口的名篇散文,内容包括《荷塘月色》《一封信》《说梦》《儿女》等","否"
"1375131799","9787115573889,7115573883","美女与野兽","童趣出版公司.","2022","chi","Book","PrintBook","Di 1 ban",5,"人民邮电出版社","Beijing","Er tong gu shi Tu hua gu shi Zhong guo Dangdai","","否"
"1243213086","9787115518750,7115518750","海底两万里","凡尔纳 Verne, Jules 1828-1905","2020","chi","Book","PrintBook","Di 1 ban",469,"人民邮电出版社","Beijing","Huan xiang xiao shuo Fa guo Jindai Suo xie","本书讲述了法国学者阿龙纳斯教授受美国海军部的邀请,在海洋深处搜寻怪物以及随后经历的海洋探险,环球旅行的故事","否"
"1372199152","9787115601162,711560116X","关键演讲 : 每一次演讲都是人生的重要时刻","Sophie","2022","chi","Book","PrintBook","Di 1 ban",1,"人民邮电出版社","Beijing Shi","Public speaking,Speech,Art de parler en public,Parole,speech (communication function)","","否"
"1198137110","9787115513304,7115513309","小鼹鼠也要环游世界","伍美珍","2019","chi","Book","PrintBook","Di 1 ban",2,"人民邮电出版社","Beijing","Er tong xiao shuo Duan pian xiao shuo Xiao shuo ji Zhong guo Dangdai","Ben shu shou lu le tian lan se de guo dong nü hai yang guang wen nuan wo de cheng xiao yan shu ye yao huan you shi jie3 pian xiao shuo","否"
"1375140726","9787115584779,711558477X","狮子王 = The lion king","童趣出版公司.","2022","chi","Book","PrintBook","Di 1 ban",16,"人民邮电出版社","Beijing","Yue du ke Xiao xue Ke wai du wu","本书精选于迪士尼经典电影<狮子王>的故事,讲述了小狮子辛巴如何克服艰难险阻成为草原之王的故事.本书将引人入胜的故事改编成小学低年级不同识字程度的孩子们的分级阅读材料,帮助孩子们更愉快,更高效地实现从识字到独立阅读的飞跃.同时本书在内文中梳理重点汉字和词语,在编辑页列出生字且单独组词,另外附加重点字词总表,方便检索,加深记忆,能更有效地帮助孩子认识,学习和使用重点字和生字","否"
"1243239974","9787115535870,7115535876","青瓦大街","曹文轩 (19541-)","2020","chi","Book","PrintBook","Di 1 ban",3,"人民邮电出版社","Beijing","Er tong xiao shuo Zhong pian xiao shuo Xiao shuo ji Zhong guo Dangdai","本书收录了<阿雏><埋在雪下的小屋><娃娃们的起义>三部儿童中篇小说作品","否"
"1375129072","9787115586865,7115586861","赛车总动员 / 2","童趣出版公司.","2022","chi","Book","PrintBook","Di 1 ban",11,"人民邮电出版社","Beijing","Tu hua gu shi Zhong guo Dangdai","","否"
"1129681586","9787115471703,7115471703","猎人笔记","屠格涅夫 Тургенев, ИванСергеенч 1818-1883","2018","chi","Book","PrintBook","Di 1 ban",188,"人民邮电出版社","Beijing","Zhang pian xiao shuo Eluosi Suo xie Jin dai","Ben shu shi tu ge nie fu de di yi bu xian shi zhu yi zuo pin, tong guo jiang shu lie ren xing lie zhong de suo jian suo wen, fan ying le 19 shi ji e guo nong cun de zi ran feng guang he ren sheng bai tai, wei du zhe cheng xian chu yi fu mei miao xuan li de e luo si feng qing hua juan.Zuo pin miao xie de zhen shi,Sheng dong,Xi zhi, yi yi ge lie ren de xing ji zuo wei quan shu de zhu xian suo, tong guo""wo""pu zhan kai yi ge ge duan xiao jing han,Bi ci du li de gu shi.Shu zhong miao xie le di zhu,Nong nu,Mo fang zhu fu,Yi sheng deng yi xi lie ren wu, mei ge ren dou ge xing jiong yi, ren wu xing xiang shi fen xian ming.Wen zhang chu le biao da dui nong nu zhi de pi pan he dui nong nu de tong qing, hai xie chu le pu tong ren shen shang de ren xing zhi mei, ru shan liang,Le guan,Re qing deng.Ling wai, shu zhong hai miao hui le e guo mei li de zi ran feng guang, ru qing chen de sen lin,Ye wan jing mi de cao yuan deng, ling ren wu xian shen wang","否"
"1117695776","9787115492456,711549245X","公文高手的修炼之道. 笔杆子的写作精品课","胡森林, 1978- author","2018","chi","Book","PrintBook","Di 1 ban",1,"人民邮电出版社","Beijing","Government correspondence,Chinese language Style,Correspondance administrative","","否"
"1129661353","9787115470188,7115470189","宝葫芦的秘密","张天翼 (1906-1985)","2018","chi","Book","PrintBook","Di 1 ban",197,"人民邮电出版社","Beijing","Tong hua Zhongguo Dang dai","< bao hu lu de mi mi> shi zhong guo zhu ming er tong wen xue jia zhang tian yi 1958 nian chuang zuo de tong hua.Gu shi jiang shu le zhu ren gong wang bao huan xiang de dao yi ge bao hu lu, ke yi bu fei li qi de dao yi qie; yi tian ta de yuan wang shi xian le, xin li xiang yao shen me jiu you shen me, ta he tong xue xia qi xiang chi diao dui fang qi zi, qi zi ma shang jiu fei dao ta zui li ta de bao bei bu dan mei ji ta dai lai xing fu fan er dai lai tong ku, ta yi ran ba zhei ge bao bei pao qi, ""hong""de yi sheng hou, yuan lai zhei que shi zi ji zuo de meng, ta cong ci gai zheng le que dian, ren zhen xue xi, zuo yi ge hao xue sheng","否"
"1336575298","9787115562746,7115562741","即兴表达 : 轻松掌控关键时刻","渡边龙太.","2021","chi","Book","PrintBook","Di 1 ban",3,"人民邮电出版社","Beijing","Yu yan yi shu Tong su du wu","Ben shu lie chu le yi fen ji xing biao da qing dan.Zhei fen qing dan she ji si wei mo shi,Jiao liu ji qiao,Cuo ci fang fa,Ying bian neng li deng zhu ti,Bao han 7 ge ji xing li bu deng shi,10 ge ji xing biao da si wei mo shi he 7 ge bu tong chang jing zhong de ying bian neng li deng nei rong,Zhen zheng cong biao da de di ceng luo ji shang xi tong jie jue mei ge ren dou ke neng mian dui de biao da nan ti.Hen shao you ren neng jin jin yi kao tian fu lai ti gao zi ji de biao da shui ping,Zhang xian ge ren neng li.Yao xiang gai shan yu ta ren de gou tong fang shi,Xie diao ren ji guan xi, ji xing biao da:qing song zhang kong guan jian shi ke ke yi zhu ni yi bei zhi li","否"
"1375139713","9787115585066,7115585067","机器人总动员","童趣出版公司.","2022","chi","Book","PrintBook","Di 1 ban",4,"人民邮电出版社","Beijing","Tu hua gu shi Zhong guo Dangdai","","否"
"1243215882","9787115536839,711553683X","黑魂灵","曹文轩 (19541-)","2020","chi","Book","PrintBook","Di 1 ban",6,"人民邮电出版社","Beijing","Er tong xiao shuo Zhong pian xiao shuo Xiao shuo ji Zhong guo Dangdai","本书收录了<海牛><黑魂灵><灰娃的高地><第五只轮子>四部儿童中篇小说作品","否"
"1243229571","9787115539861,7115539863","雪孩子","童趣出版有限公司.","2020","chi","Book","PrintBook","Di 1 ban",9,"人民邮电出版社","Beijing","Han yu pin yin Yu yan du wu,Er tong gu shi Zhong guo Dangdai","冬天,一场大雪过后,到处都是雪白雪白的.在森林深处,有一座小木屋.兔妈妈和她的孩子小兔就住在这里.兔妈妈往炉灶里填柴火,小木屋里暖洋洋的.柴火噼里啪啦地烧着......","否"
"1243208372","9787115535665,7115535663","麦子的嚎叫","曹文轩 (19541-)","2020","chi","Book","PrintBook","Di 1 ban",3,"人民邮电出版社","Beijing","Er tong xiao shuo Zhong pian xiao shuo Xiao shuo ji Zhong guo Dangdai","本书收录了<麦子的嚎叫><小尾巴><桂花雨>三部儿童中篇小说作品","否"
"1198141771","9787115512628,7115512620","可爱怪味编辑部","伍美珍","2019","chi","Book","PrintBook","Di 1 ban",2,"人民邮电出版社","Beijing","Er tong xiao shuo Duan pian xiao shuo Xiao shuo ji Zhong guo Dangdai","Ben shu shou lu le ke ai guai wei bian ji bu mi te hai di zong dong yuan xian zi mo fa qing qing chang3 pian xiao shuo","否"
"1112707078","9787115493774,7115493774","新手学五笔打字+Office 2016电脑办公从入门到精通 : 移动学习版","神龙工作室","2018","chi","Book","PrintBook","Di 1 ban",1,"人民邮电出版社","Beijing Shi","Microsoft Office,Microsoft Word,Microsoft Excel (Computer file),Microsoft PowerPoint (Computer file),Chinese language Data processing,Chinese characters Data processing,Business Computer programs,Chinois (Langue) Informatique,Chinois (Langue) Caractères Informatique","","否"
"1243226051","9787115528131,7115528136","九色鹿","上海美术电影制片厂.","2020","chi","Book","PrintBook","Di 1 ban",9,"人民邮电出版社","Beijing","Tu hua gu shi Zhong guo Dangdai","","否"
"1338292907","9787115578976,7115578974","论证的艺术 : 原书第3版","Joseph M. Williams","2022","chi","Book","PrintBook","Di 1 ban",1,"人民邮电出版社","Beijing","English language Rhetoric,Persuasion (Rhetoric),Report writing,Anglais (Langue) Rhétorique,Rapports Rédaction","有没有为写作感到头疼？ 有没有为文章空洞而烦恼？ 有没有为堆砌论据而痛苦？ 《论证的艺术》是融汇批判性思维、论证、写作于一体的入门读物。读者不需要系统性学习逻辑学、哲学等专业知识，可以轻松掌握书面论证的要点。通过学习和练习，每个人都能够自如地写出清晰、合理和富有说服力的观点。 为了实现这样的学习特色，每一章会有4个以上的部分，多角度、多种方式理解论证的本质、组成部分和目标，以及对我们所言所行的影响。从策略、流程、校对清单和写作工具对计划、研究、起草、修改和协作的完整写作过程进行全过程指导。合理论证的思维越清晰，写作的价值就越高；充分论证的过程越完整，就越能让读者理解你的观点。 手把手提供充分的论点和论据，理解主张、推理和证据背后的逻辑关系，培养创造理性、分享理性的基本能力。写出可信的文章，恰如其分的引用、避免无意抄袭；避免认知偏误和谬误","否"
"1375132506","9787115571069,7115571066","唱学古诗词 : 给孩子的音乐古诗课 / 四季篇","刘尊 (音乐)","2022","chi","Book","PrintBook","Di 1 ban",1,"人民邮电出版社","Beijing","Gu dian shi ge Shi ji Zhong guo Shao er du wu","本书收录了<元日><村居><渔歌子><游园不值><清明><三衢道中><四时田园杂兴(其二十五)><乡村四月><西江月·夜行黄沙道中>等有关四季的古典诗词作品","否"
"oclc编号 - oclcNumber","书号 - isbns","书名 - title","作者 - creator","出版日期 - publicationDate","语言 - catalogingLanguage","格式 - generalFormat","详细格式 - specificFormat","版本 - edition","总版本数 - totalEditions","出版社 - publisher","出版地 - publicationPlace","主题 - subjects","简介 - summaries","是否同行审阅 - peerReviewed"
"1225218664","9787115524409,7115524408","这样写就对了 : 职场写作的30个场景","胡森林.","2020","chi","Book","PrintBook","Di 1 ban",1,"人民邮电出版社","Beijing","Letter writing, Chinese,Document writing, Chinese","","否"
"1375145170","9787115585776,7115585776","小鹿斑比","童趣出版公司.","2022","chi","Book","PrintBook","Di 1 ban",60,"人民邮电出版社","Beijing","Tu hua gu shi Zhong guo Dangdai","","否"
"1375138425","9787115573483,7115573484","唱学古诗词 : 给孩子的音乐古诗课 / 叙事抒情篇","刘尊 (音乐)","2022","chi","Book","PrintBook","Di 1 ban",1,"人民邮电出版社","Beijing","Gu dian shi ge Shi ji Zhong guo Shao er du wu","本书收录了<悯农><寻隐者不遇><绝句><小儿垂钓><采莲曲><出塞><黄鹤楼送孟浩然之广陵>等古典诗词作品","否"
"1129712936","9787115471918,7115471916","格林童话","格林 Grimm, Jacob 1785-1863","2018","chi","Book","PrintBook","Di 1 ban",466,"人民邮电出版社","Beijing","Tong hua Zuo pin ji Deguo Suo xie Jin dai","本书收录了《白雪公主》《灰姑娘》《青蛙王子》《睡美人》《猫和老鼠做朋友》等41篇童话","否"
"1129712520","9787115482150,7115482152","鲁迅杂文","鲁迅 (1881-1936)","2018","chi","Book","PrintBook","Di 1 ban",14,"人民邮电出版社","Beijing","Lu xun za wen Za wen ji","本书收录了鲁迅先生的主要杂文作品,包括《热风》,《华盖集》,《坟》,《三闲集》,《南腔北调集》,《花边文学》,《集外集》等","否"
"1243239360","9787115537393,7115537399","六十六道弯","曹文轩 (19541-)","2020","chi","Book","PrintBook","Di 1 ban",6,"人民邮电出版社","Beijing","Er tong xiao shuo Zhong pian xiao shuo Xiao shuo ji Zhong guo Dangdai","本书收录了<三角地><六十六道弯><白栅栏>三部儿童中篇小说作品","否"
"1336557659","9787115564122,7115564124","野风车","曹文轩 (19541-)","2021","chi","Book","PrintBook","Di 1 ban",10,"人民邮电出版社","Beijing","Er tong xiao shuo Zhong pian xiao shuo Xiao shuo ji Zhong guo Dangdai","","否"
"1336581555","9787115562722,7115562725","甜橙树","曹文轩 (1954-)","2021","chi","Book","PrintBook","Di 1 ban",33,"人民邮电出版社","Beijing","Er tong xiao shuo Duan pian xiao shuo Xiao shuo ji Zhong guo Dangdai","本书包含的内容有:水下有座城;红葫芦;泥鳅;甜橙树;放鸭记;一只叫凤的鸽子","否"
"1243227385","9787115525581,7115525587","没头脑和不高兴","上海美术电影制片厂.","2020","chi","Book","PrintBook","Di 1 ban",7,"人民邮电出版社","Beijing","Er tong gu shi Tu hua gu shi Zhong guo Dangdai","","否"
"1375149356","9787115579478,7115579474","飞屋环游记","童趣出版公司.","2022","chi","Book","PrintBook","Di 1 ban",6,"人民邮电出版社","Beijing","Yue du ke Xiao xue Ke wai du wu","本书精选于迪士尼经典电影<飞屋环游记>的故事,讲述了一个名叫小罗的男孩和一位名叫卡尔的老爷爷一起坐飞屋冒险的故事.将引人入胜的故事改编成小学低年级不同识字程度的孩子们的分级阅读材料,帮助孩子们更愉快,更高效地实现从识字到独立阅读的飞跃.同时本书在内文中梳理重点汉字和词语,在编辑页列出生字且单独组词,另外附加重点字词总表,方便检索,加深记忆,能更有效地帮助孩子认识,学习和使用重点字和生字","否"
"1375143828","9787115574121,711557412X","海蒂","斯比丽 Spyri, Johanna 1827-1901","2021","chi","Book","PrintBook","Di 1 ban",37,"人民邮电出版社","Beijing","Er tong xiao shuo Zhang pian xiao shuo Rui shi Jindai","","否"
"1358254001","9787115576972,7115576971","不错老师的汉字课","程玉合, author","2022","chi","Book","PrintBook","Di 1 ban",1,"人民邮电出版社","Beijing Shi","Chinese language Errors of usage,Chinese language Vocabulary,Chinese language Idioms,Chinese language Study and teaching,Chinese characters,Chinois (Langue) Fautes,Chinois (Langue) Vocabulaire,Chinois (Langue) Idiotismes,Chinois (Langue) Caractères","","否"
"1375164309","9787115591364,7115591369","超能陆战队","童趣出版公司.","2022","chi","Book","PrintBook","Di 1 ban",11,"人民邮电出版社","Beijing","Tu hua gu shi Zhong guo Dangdai","本书讲述了:热爱发明创造的天才少年小宏,在哥哥泰迪的鼓励下参加了卡拉汉教授主持的机器人大赛.他凭借富有创意的微型磁力机器人赢得了在场观众的一致好评.谁知,突发的大火烧毁了展示会场,而哥哥为了救出受困的卡拉汉教授而命丧火场.身心饱受创伤的小宏闭门不出,哥哥生前留下的治疗型机器人大白则成为安慰他的唯一伙伴","否"
"1198151508","9787115509604,7115509603","玩具总动员 / 2","童趣出版公司.","2019","chi","Book","PrintBook","Di 1 ban",7,"人民邮电出版社","Beijing","Ying yu Shao er du wu","","否"
"1243211900","9787115535887,7115535884","怪兽电力公司","童趣出版公司.","2020","chi","Book","PrintBook","Di 1 ban",12,"人民邮电出版社","Beijing","Tu hua gu shi Mei guo Dangdai","本书讲述了:为了让怪兽世界可持续发电,怪兽电力公司的惊吓专员们需要进入全世界小孩的卧室通过恐吓收集他们的尖叫声作为发电能源.事情本来进展得很顺利,直到怪兽电力公司最厉害的怪兽苏利文遇见了最不怕怪兽的人类小孩阿布.这个天不怕地不怕再可怕的怪兽都不怕的小女孩进入了怪兽世界,一切都颠覆了","否"
"1129832830","9787115473677,7115473676","朝花夕拾","鲁迅 (1881-1936)","2018","chi","Book","PrintBook","Di 1 ban",561,"人民邮电出版社","Beijing","Lu xun san wen San wen ji,Lu xun xiao shuo Xiao shuo ji","本书收录了鲁迅先生的《朝花夕拾》和《呐喊》.《朝花夕拾》是鲁迅1926年所作回忆散文的结集,共10篇.《呐喊》是一部短篇小说集,收录了鲁迅在1918-1922年间所写的15篇小说","否"
"1243236619","9787115544001,711554400X","荒野的呼唤","杰克·伦敦 London, Jack 1876-1916","2020","chi","Book","PrintBook","Di 1 ban",13,"人民邮电出版社","Beijing","Zhang pian xiao shuo Mei guo Jindai Suo xie","小说以阿拉斯加淘金热为背景,讲述了在北方险恶的环境下,一只名叫巴克的狗历经磨难,最终回到自然的野生环境的故事.该作延续了杰克·伦敦小说的""生存""主题:生命总是在不断挣扎求存的过程中获得意义与力量.虽然巴克只是一条狗,但是它艰苦卓绝的生存道路,反映了作家所生活的时代中的个人奋斗的真谛","否"
"1375164151","9787115587831,7115587833","狮子王 / 2, 辛巴的荣耀","童趣出版公司.","2022","chi","Book","PrintBook","Di 1 ban",10,"人民邮电出版社","Beijing","Tu hua gu shi Zhong guo Dangdai","","否"
"1375153391","9787115570765,7115570760","唱学古诗词 : 给孩子的音乐古诗课 / 诗人篇","刘尊 (音乐)","2022","chi","Book","PrintBook","Di 1 ban",1,"人民邮电出版社","Beijing","Gu dian shi ge Shi ji Zhong guo Shao er du wu","本书收录了<九月九日忆山东兄弟><鸟鸣涧><送元二使安西><山居秋暝><望天门山><赠汪伦><静夜思>等古典诗词作品","否"
"1243224594","9787115539229,7115539227","猪八戒吃西瓜","童趣出版有限公司.","2020","chi","Book","PrintBook","Di 1 ban",9,"人民邮电出版社","Beijing","Han yu pin yin Yu yan du wu,Er tong gu shi Zhong guo Dangdai","太阳炙烤着大地,在一片荒山野岭中,唐僧师徒正顶着烈日缓慢前行.此时人困马乏,饥饿难耐,可方圆几里都没有人家,去哪里让大家歇歇脚呢......","否"
"1243208084","9787115542533,7115542538","写你想读的文章 : 改变人生的简洁写作法","田中泰延 (1969-)","2020","chi","Book","PrintBook","Di 1 ban",1,"人民邮电出版社","Beijing","Xie zuo Fang fa","本书通过""写下自己想读的东西"",""自己就会变得快乐"".即使实现不了目的也没关系,因为看了自己写下的东西,自己就会感到开心了.自己都不觉得有趣的文章即使让他人读了,他人也不会觉得有趣.所以才要写自己想要读的东西,这就是""作为读者的文章写作术""","否"
"1129719387","9787115472182,7115472181","红楼梦","曹雪芹 (1715/1724-1763/1764)","2018","chi","Book","PrintBook","Di 1 ban",97,"人民邮电出版社","Beijing","Gu dian xiao shuo Zhongguo Suo xie Qing dai,Zhang hui xiao shuo Zhongguo Suo xie Qing dai,Zhang pian xiao shuo Zhongguo Suo xie Qing dai","","否"
"1129682780","9787115467744,7115467749","繁星·春水","冰心 (1900-1999)","2018","chi","Book","PrintBook","Di 1 ban",219,"人民邮电出版社","Beijing","Xin shi Shi ji Zhongguo Xian dai","书中收录了《繁星》和《春水》两本经典诗集","否"
"1129687240","9787115470348,7115470340","野性的呼唤","杰克·伦敦 London, Jack 1876-1916","2018","chi","Book","PrintBook","Di 1 ban",86,"人民邮电出版社","Beijing","Zhang pian xiao shuo Meiguo Suo xie Jin dai","","否"
"1129684295","9787115474124,7115474125","西游记","吴承恩 (1500-1582)","2018","chi","Book","PrintBook","Di 1 ban",1531,"人民邮电出版社","Beijing","Gu dian xiao shuo Zhongguo Suo xie Ming dai,Zhang hui xiao shuo Zhongguo Suo xie Ming dai,Zhang pian xiao shuo Zhongguo Suo xie Ming dai","","否"
"1129664420","9787115473608,7115473609","三国演义","罗贯中 (1330-1400)","2018","chi","Book","PrintBook","Di 1 ban",253,"人民邮电出版社","Beijing","Jiang shi xiao shuo Zhongguo Suo xie Ming dai,Zhang hui xiao shuo Zhongguo Suo xie Ming dai,Zhang pian xiao shuo Zhongguo Suo xie Ming dai","","否"
"1375160443","9787115573490,7115573492","唱学古诗词 : 给孩子的音乐古诗课 / 咏物抒情篇","刘尊 (音乐)","2022","chi","Book","PrintBook","Di 1 ban",1,"人民邮电出版社","Beijing","Gu dian shi ge Shi ji Zhong guo Shao er du wu","本书收录了<咏鹅><画><风><舟夜书所见><登鹳雀楼><夜宿山寺><敕勒歌>等有关咏物抒情的古典诗词作品","否"
"1336564141","9787115551665,7115551669","克雷洛夫寓言","克雷洛夫 Крылов, ИванАндреевич 1768-1844","2020","chi","Book","PrintBook","Di 1 ban",109,"人民邮电出版社","Beijing","Yu yan Zuo pin ji E luo si Jindai Suo xie","本书收录了<乌鸦与狐狸><蛤蟆和牯牛><狼和小羊><驴子>等百余篇寓言故事","否"
"1130350014","9787115501974,7115501971","红豺","沈石溪.","2019","chi","Book","PrintBook","Di 1 ban",4,"人民邮电出版社","Beijing","Er tong xiao shuo Zhang pian xiao shuo Zhong guo Dangdai","本书讲述红豺火烧云含辛茹苦地养育仇敌的遗孤--狼崽甜点心.它犹豫过, 悔恨过, 它无法逾越族群的对立; 它仁慈过, 割舍过, 它无法忽视狼崽的依恋亲昵.刻毒的复仇火焰化成了柔情万端的舐犊情深.为了挽救狼崽甜点心, 它与猛兽搏斗, 险象环生; 为了心中激荡的母爱, 它放弃了精心挑选的伴侣; 为了实现自己的价值, 它用生命为甜点心撑起了最后一片安宁的天","否"
"1336566468","9787115551139,7115551138","长腿叔叔","韦伯斯特 女,Webster, Jean 1876-1916","2021","chi","Book","PrintBook","Di 1 ban",6,"人民邮电出版社","Beijing","Shu xin ti xiao shuo Mei guo Xiandai Suo xie","","否"
"1129886399","9787115471932,7115471932","格兰特船长的儿女","凡尔纳 Verne, Jules 1828-1905","2018","chi","Book","PrintBook","Di 1 ban",205,"人民邮电出版社","Beijing","Ke xue huan xiang xiao shuo Faguo Suo xie Jin dai,Zhang pian xiao shuo Faguo Suo xie Jin dai","Ben shu shi fa guo ke huan xiao shuo jia ru le·Fan er na san bu qu de di yi bu, quan shu gong 3 juan 70 zhang.Xiao shuo jiang shu le you chuan""deng ken hao""de chuan zhu ge li nei fan jue shi zai yi ci ou ran dang zhong, de dao le liang nian qian yu xian shi zong de su ge lan hang hai jia ge lan te chuan zhang de xian suo.Wei le da jiu luo nan de ge lan te chuan zhang, ge li nei fan jue shi zi xing zu zhi lü xing dui, dai zhe ge lan te chuan zhang de er nü, yi qi ta shang le xun zhao ge lan te chuan zhang de lü cheng.Zheng bu xiao shuo die dang qi fu, qing jie yin ren ru sheng, tong shi ju you ke huan xiao shuo he tan xian xiao shuo de te zheng, yi yi zhong ji ji xiang shang de tai du gan ran zhe du zhe, zhan xian le su ge lan min zu jing shen","否"
"1336574665","9787115563620,7115563624","沉默的小号","曹文轩 (19541-)","2021","chi","Book","PrintBook","Di 1 ban",3,"人民邮电出版社","Beijing","Er tong xiao shuo Zhong pian xiao shuo Xiao shuo ji Zhong guo Dangdai","本书精选了曹文轩的<藏在天花板里的画像><叉><弓><沉默的小号><菊花娃娃><第十一根红布条><灰灰的瘦马><红枣儿>等儿童小说","否"
"1129673294","9787115473714,7115473714","城南旧事","林海音 (1918-2001)","2018","chi","Book","PrintBook","Di 1 ban",392,"人民邮电出版社","Beijing","Duan pian xiao shuo Xiao shuo ji Zhongguo Dang dai","本书收录了《冬阳 童年 骆驼队》《惠安馆》《我们看海去》《兰姨娘》《驴打滚儿》等10篇小说","否"
"1375144652","9787115574145,7115574146","仙履奇缘","童趣出版公司.","2022","chi","Book","PrintBook","Di 1 ban",7,"人民邮电出版社","Beijing","Er tong gu shi Tu hua gu shi Zhong guo Dangdai","","否"
"1375146804","9787115574886,711557488X","赛车总动员","童趣出版公司.","2022","chi","Book","PrintBook","Di 1 ban",18,"人民邮电出版社","Beijing","Tu hua gu shi Zhong guo Dangdai","","否"
"1198152380","9787115506313,7115506310","迪士尼晚安宝贝睡前故事","童趣出版公司.","2019","chi","Book","PrintBook","Di 1 ban",1,"人民邮电出版社","Beijing","Er tong gu shi Zuo pin ji Mei guo Xiandai","本书收录了<森林王子----奇幻森林里的奇幻故事><超能陆战队----人多力量大><迪士尼公主----深海之光>等15篇故事","否"
"1130348732","9787115486424,7115486425","小马宝莉富养女孩心灵的励志故事书 / 梦想让我更坚定","童趣出版有限公司.","2018","chi","Book","PrintBook","Di 1 ban",2,"人民邮电出版社","Beijing","Er tong gu shi Zuo pin ji Zhong guo Dangdai","本书包含的内容有:闪电飞马队的新成员,坎特洛特精品屋,信心的飞跃,竞选龙王,最后的牛仔会,苹果鲁萨极恶通缉令,无畏天马的真相等","否"
"1243208859","9787115539199,7115539197","桂花雨","曹文轩 (1954-)","2020","chi","Book","PrintBook","Di 1 ban",8,"人民邮电出版社","Beijing","Er tong xiao shuo Zhong pian xiao shuo Zhong guo Dangdai,Er tong xiao shuo Duan pian xiao shuo Xiao shuo ji Zhong guo Dangdai","本书收录了<三角地><黑魂灵><小尾巴><灰娃的高地>等6篇小说","否"
"1318983446","","沟通与写作 : 语言表达与沟通技能","王用源, author","2020","chi","Book","Digital","Di 1 ban",1,"人民邮电出版社","Beijing","Chinese language Rhetoric,Chinese language Style,Oral communication,Chinois (Langue) Rhétorique,Communication orale","","否"
"1373598302","9787115585813,7115585814","小羊上山儿童汉语分级读物. 第4级 : 使用儿童阅读常用核心240字编写","孙蓓","2022","chi","Book","PrintBook","Di 1 ban",1,"人民邮电出版社","Bei jing","Chinese language Readers,Children's stories, Chinese,Chinese language,Readers (Publications)","","否"
"1129686213","9787115471901,7115471908","老人与海","海明威 Hemingway, Ernest 1899-1961","2018","chi","Book","PrintBook","Di 1 ban",407,"人民邮电出版社","Beijing","Zhang pian xiao shuo Meiguo Suo xie Xian dai","","否"
"1286111979","9787115562449,711556244X","如何科学学外语 : 语言习得的真相与方法","白井恭弘, 1957- author","2020","chi","Book","PrintBook","Di 1 ban",2,"人民邮电出版社","Beijing Shi","Second language acquisition,Language and languages Study and teaching,English language Study and teaching Japanese speakers,Langue seconde Acquisition,Langage et langues Étude et enseignement","","否"
"1223001428","9787115478054,7115478058","小美人鱼 = The little mermaid","童趣出版公司.","2018","chi","Book","PrintBook","Di 1 ban",20,"人民邮电出版社","Beijing","Ying yu Shao er du wu","","否"
"1231439937","9787115535856,711553585X","公文写作金句速查宝典 : 诗词, 佳句, 场景用法 = Quick check","石头哥","2020","chi","Book","PrintBook","Di 1 ban",1,"人民邮电出版社","Beijing","Document writing, Chinese,Government correspondence,Government paperwork China,Correspondance administrative,Écritures administratives Chine,Government paperwork,China","","否"
"1130325871","9787115464736,7115464731","小公主字母学校","童趣出版公司.","2018","chi","Book","PrintBook","Di 1 ban",1,"人民邮电出版社","Beijing","Er tong wen xue Tu hua gu shi Mei guo Xiandai","","否"
"1129681637","9787115484598,7115484597","地心游记","凡尔纳 Verne, Jules 1828-1905","2018","chi","Book","PrintBook","Di 1 ban",88,"人民邮电出版社","Beijing","Ke xue huan xiang xiao shuo Faguo Suo xie Jin dai,Zhang pian xiao shuo Faguo Suo xie Jin dai","","否"
"1291249103","9787115519764,7115519765","自然语言处理入门 = Introduction to natural language processing","何晗, author","2019","chi","Book","PrintBook","Di 1 ban",1,"人民邮电出版社","Beijing","Computational linguistics,Linguistique informatique,computational linguistics","","否"
"1129645915","9787115483263,7115483264","八十天环游地球","凡尔纳 Verne, Jules 1828-1905","2018","chi","Book","PrintBook","Di 1 ban",359,"人民邮电出版社","Beijing","Ke xue huan xiang xiao shuo Faguo Suo xie Jin dai,Zhang pian xiao shuo Faguo Suo xie Jin dai","","否"
"1130328331","9787115482426,711548242X","简·爱","勃朗特 Bronte, Charlotte 1816-1855","2018","chi","Book","PrintBook","Di 1 ban",544,"人民邮电出版社","Beijing","Zhang pian xiao shuo Ying guo Jindai","本书是夏洛蒂·勃朗特""诗意的生平写照"",是一部具有自传色彩的作品.讲述一位从小变成孤儿的英国女子在各种磨难中追求自由与尊严,坚持自我,最终获得幸福的故事.主人公生存在一个寄人篱下的环境,从小就承受着与同龄人不一样的待遇......也许正是因为这一切,换回了简爱无限的信心和坚强不屈的性格,一种不可战胜的内在人格力量.她坚定不移地去追求一种光明的,圣洁的,美好的生活","否"
"1336540247","9787115546616,7115546614","童年","高尔基 Горький, Максим 1868-1936","2020","chi","Book","PrintBook","Di 1 ban",439,"人民邮电出版社","Beijing","Zhang pian xiao shuo Su lian Xiandai","本书描写了小主人公阿廖沙从三岁到十岁苦难的童年生活.小说以一个孩子的视角,描述了19世纪俄国各行各业人们的生活状态,既抨击了小市民阶层庸俗无聊,空虚自私的丑恶嘴脸,又展现了下层劳动人民的正直勤劳,淳朴善良","否"
"oclc编号 - oclcNumber","书号 - isbns","书名 - title","作者 - creator","出版日期 - publicationDate","语言 - catalogingLanguage","格式 - generalFormat","详细格式 - specificFormat","版本 - edition","总版本数 - totalEditions","出版社 - publisher","出版地 - publicationPlace","主题 - subjects","简介 - summaries","是否同行审阅 - peerReviewed"
"1357496382","9787115566119,7115566119","学会写作 : 365个创意写作练习, 让你爱上写作 = Learn to write","刘杨, author","2021","chi","Book","PrintBook","Di 1 ban",1,"人民邮电出版社","Beijing Shi","Chinese language Composition and exercises Study and teaching,Chinese language Composition and exercises Problems, exercises, etc,Authorship Study and teaching,Art d'écrire Étude et enseignement,Chinese language Composition and exercises,Problems and exercises","","否"
"1243238096","9787115536150,7115536155","怪兽大学","童趣出版有限公司.","2020","chi","Book","PrintBook","Di 1 ban",8,"人民邮电出版社","Beijing","Ying yu Er tong du wu","本书讲述:麦克和苏利文在大学,为了避免开除,被迫一起参加一场惊吓比赛,在这过程中,他们由死对头变成了好朋友","否"
"1343556709","9787115562982,7115562989","尼尔斯骑鹅旅行记","拉格洛夫 女,Lagerlof, Selma Ottiliana Lovisa 185811-19403.","2021","chi","Book","PrintBook","Di 1 ban",211,"人民邮电出版社","Beijing","Yue du ke Zhong xiao xue Ke wai yue du,Tong hua Ruidian Jin dai","本书讲述了:尼尔斯是一户贫穷佃农人家的孩子,他整天吊儿郎当的,不爱学习,好吃懒做,还粗野顽皮,让父母担心得不得了.直到有一天,尼尔斯因为捉弄小精灵被变成了巴掌大的小人儿,又阴差阳错跟着家里的大白鹅加入了雁群迁徙的旅行.一路上,尼尔斯与大白鹅,雁群互帮互助,一次次化险为夷,绝处逢生,在这个过程中,他也逐渐成长为一个有爱心,有责任感的小男子汉","否"
"1373634290","9787115561473,7115561478","小羊上山儿童汉语分级读物. 第3级 : 使用儿童阅读常用核心180字编写","孙蓓","2021","chi","Book","PrintBook","Di 1 ban",1,"人民邮电出版社","Bei jing","Chinese language Readers,Children's stories, Chinese,Chinese language,Readers (Publications)","","否"
"1129891238","9787115473844,7115473846","寄小读者","冰心 (1900-1999)","2018","chi","Book","PrintBook","Di 1 ban",195,"人民邮电出版社","Beijing","Er tong wen xue San wen ji Zhongguo Xian dai","本书包含了冰心女士在不同年代为小读者写的通讯,其中《寄小读者》写于1923年到1926年,共29篇,还包含""赞美所见""""山中杂记""2篇作品;《再寄小读者》写于20世纪40年代到60年代,共10篇","否"
"1129899234","9787115473783,7115473781","小橘灯","冰心 (1900-1999)","2018","chi","Book","PrintBook","Di 1 ban",31,"人民邮电出版社","Beijing","Er tong wen xue San wen ji Zhongguo Xian dai","本书收录了《我的中学时代》《我的童年》《腊八粥》《童年的春节》《我的一天》等55篇散文","否"
"1388314751","9787115590312,7115590311","千字文","周兴嗣.","2022","chi","Book","PrintBook","Di 1 ban",89,"人民邮电出版社","Beijing","Yue du ke Zhong xiao xue Ke wai yue du,Gu han yu Qi meng du wu","本书设有""走近文学作者""""走近文学作品""""全文诵读""""分段详解""""字词注解""""语句释义""""延伸阅读""等栏目","否"
"1393901341","9787115584960,7115584966","学术期刊论文写作技巧与实战","郝丹, author","2022","chi","Book","PrintBook","Di 1 ban",1,"人民邮电出版社","Beijing","Academic writing Publishing,Journalism Authorship Vocational guidance,Writing,Periodicals,Publishers and publishing,Editing,Écriture savante Édition,Journalisme Art d'écrire Orientation professionnelle,Écriture,Périodiques,Édition,writing (processes),periodicals","","否"
"1281748700","9787115554888,7115554889","写作的逻辑 : 从清晰表达到高效沟通","Yasumi Kurashima","2021","chi","Book","PrintBook","Di 1 ban",2,"人民邮电出版社","Beijing","Authorship,Writing,Art d'écrire,Écriture,authorship,writing (processes)","","否"
"1343593509","9787115556431,7115556431","为何善意会伤人","堀内进之介.","2021","chi","Book","PrintBook","Di 1 ban",2,"人民邮电出版社","Beijing","Bao li xing wei Tong su du wu","本书作者深刻揭示了我们身边种种以善意为名的暴力,从个人心理及社会层面深入探讨了产生这种暴力的原因,并给我们提供了抵制暴力的""良药""","否"
"1375145146","9787115585035,7115585032","森林报·夏","比安基 Бианки, Виталий Валентинович 1894-1959","2022","chi","Book","PrintBook","Di 1 ban",72,"人民邮电出版社","Beijing","Sen lin Shao er du wu","","否"
"1243239395","9787115523389,711552338X","勇敢传说 = Brave","童趣出版公司.","2020","chi","Book","PrintBook","Di 1 ban",6,"人民邮电出版社","Beijing","Yue du ke Xiao xue Jiao xue can kao zi liao","本书讲述:梅莉达是苏格兰高地的公主,但与一般的公主不一样,她敢于挑战传统.不满意王后对自己人生的限制,梅莉达找到了森林中的女巫.没想到女巫的咒语造成了意想不到的后果,梅莉达必须找到方法救回自己的家人","否"
"1282952095","9787115535658,7115535655","米菲过生日","布鲁纳 (Bruna, Dick)","2020","chi","Book","PrintBook","Di 1 ban",3,"人民邮电出版社","Beijing","Tu hua gu shi Helan Xian dai","","否"
"1336555901","9787115548771,7115548773","糊涂先生","童趣出版公司.","2020","chi","Book","PrintBook","Di 1 ban",3,"人民邮电出版社","Beijing","Tu hua gu shi Zhong guo Dangdai","","否"
"1283025879","9787115529473,7115529477","寻找语文王国 : 基础知识篇","陈智文.","2020","chi","Book","PrintBook","Di 2 ban",2,"人民邮电出版社","Beijing","Xiao xue yu wen ke Jiao xue can kao zi liao","本书以""万里路""和""万卷书""兄妹俩寻找""语文王国""的历程为主要线索,将丰富的小学语文学习知识点及技巧融汇其中,通过一个个鲜活的故事,带领孩子体会语文学习的乐趣,分享成长的收获","否"
"1129867532","9787115469366,7115469369","骆驼祥子","老舍 (1899-1966)","2018","chi","Book","PrintBook","Di 1 ban",504,"人民邮电出版社","Beijing","Zhang pian xiao shuo Zhongguo Suo xie Xian dai","","否"
"1243213815","9787115521156,7115521158","赛车总动员 / 3, 极速挑战","童趣出版公司.","2019","chi","Book","PrintBook","Di 1 ban",6,"人民邮电出版社","Beijing","Tu hua gu shi Mei guo Xiandai","本书讲述了世界冠军闪电麦坤已成为当代车坛的传奇人物,曾五次夺得活塞杯冠军.但车坛风云突变,新车辈出,这让闪电麦坤的优势受到巨大威胁,更可怕的是,麦坤的自信也日渐瓦解.闪电麦坤背水一战,但他对竞速的热爱,能为其回归之战注满能量吗.他的回归之战又面临什么样的新对手,最终他取得什么样的结果呢","否"
"1318983425","","停止无效沟通 : 沟通力升级的53种策略","王春芝, author","2020","chi","Book","Digital","Di 1 ban",2,"人民邮电出版社","Beijing","Oral communication,Business communicatio,Interpersonal communication,Communication orale,Communication interpersonnelle","","否"
"1222974201","9787115468239,7115468230","木偶奇遇记","科洛迪 Collodi, Carlo 1826-1890","2018","chi","Book","PrintBook","Di 1 ban",565,"人民邮电出版社","Beijing","Tong hua Yidali Suo xie Jin dai","","否"
"1129866936","9787115471925,7115471924","鲁滨孙漂流记","笛福 Defoe, Daniel 1660-1731","2018","chi","Book","PrintBook","Di 1 ban",72,"人民邮电出版社","Beijing","Zhang pian xiao shuo Yingguo Suo xie Jin dai","","否"
