"oclc编号 - oclcNumber","书号 - isbns","书名 - title","作者 - creator","出版日期 - publicationDate","语言 - catalogingLanguage","格式 - generalFormat","详细格式 - specificFormat","版本 - edition","总版本数 - totalEditions","出版社 - publisher","出版地 - publicationPlace","主题 - subjects","简介 - summaries","是否同行审阅 - peerReviewed"
"1351940797","9787544877213,7544877213","人生便利店 : 人生不便利, 要惠顾人生便利店","刘墉, 1949- author","2022","chi","Book","PrintBook","Di 1 ban",1,"接力出版社","Nanning Shi","Conduct of life,Life skills,Chinese essays,Chinese essays 21st century,Conduct of life in literature,Morale pratique,Habiletés de base,Essais chinois,Essais chinois 21e siècle,Morale pratique dans la littérature,ethics (philosophical concept),2000-2099","","否"
"1130387258","9787544860017,7544860019","我用32个屁打败了睡魔怪","彭懿.","2019","chi","Book","PrintBook","Di 1 ban",3,"接力出版社","Nanning","Children China Juvenile fiction,Tu hua gu shi Zhong guo Dangdai,Children,China,Fiction,Juvenile works","","否"
"1336347280","9787544876155,7544876152","周四推理俱乐部 = The thursday murder club","奥斯曼 (Osman, Richard)","2022","chi","Book","PrintBook","Di 1 ban",1,"接力出版社","Nanning","Zhang pian xiao shuo Ying guo Xiandai","","否"
"1266159652","9787544859141,7544859142","我不是教你诈","刘墉, 1949- author","2019","chi","Book","PrintBook","Di 3 ban, xin ban",25,"接力出版社","Nan ning","Chinese essays,Essais chinois","","否"
"1129646748","9787544853392,754485339X","狼洞之夜","沃克 (女,Wolk, Lauren)","2018","chi","Book","PrintBook","Di 1 ban",1,"接力出版社","Nanning","Er tong xiao shuo Zhang pian xiao shuo Meiguo Xian dai","本书讲述了:安娜贝尔跟家人住在山间的祖宅里,生活简单而安宁.但这平静被城里女孩贝蒂打破了,贝蒂周围的学生都遭到她的""毒手"",被泼墨汁,被恶语相向,被扔纸团,被用铅笔戳.坐在贝蒂身后的安娜贝尔希望通过默默忍受让贝蒂停止,但情况却愈来愈糟","否"
"1129655438","9787544855631,7544855635","孤单的少校","薛涛 (1971-)","2018","chi","Book","PrintBook","Di 1 ban",1,"接力出版社","Nanning","Er tong xiao shuo Zhang pian xiao shuo Zhongguo Dang dai","本书讲述了:小镇的游戏厅被砸,一群孩子将网络游戏延伸到现实中来.太阳镇成立了豆子团,月亮镇成立了谷子团.我和弟弟乒乓加入了豆子团,然而谷子团的少校觊觎我们的木屋大本营,千方百计的想要夺取木屋.后来,我和弟弟单独成立了兄弟连,兄弟连为了在豆子团和谷子团的夹缝中生存下去,不得不与谷子团的少校结盟.我获得了更多与少校接触的机会,逐渐了解了少校的身世秘密.在此之前,我本以为这只是一场场热热闹闹的游戏,没想到背后却是一颗孤单的心.少校的姐姐小行星曾经在木屋中失踪,这就是少校一定要占领木屋的原因;而间接导致小行星失踪的是护林员,也在愧疚和自责中惶惶度日,渴望得到救赎;掳走小行星的最大的""嫌疑人""长白狼重新在树林中出没.孤单的少校开始了他的孤独之旅","否"
"1129686185","9787544853408,7544853403","橱柜里的女孩","布拉德利 (Bradley, Kimberly Brubaker)","2018","chi","Book","PrintBook","Di 1 ban",2,"接力出版社","Nanning","Er tong xiao shuo Zhang pian xiao shuo Meiguo Xian dai","这是一本关于爱,勇气和成长的书.包含:我的窗户,练习走路,出逃,远去的火车,砧板上的鱼,好人家,史密斯小姐的家,黄油,她不是个好人,别送我回家等章节","否"
"1178924885","9787544859813,7544859819","公鹿的脚印","塞顿 Seton, Ernest Thompson 1860-1946","2019","chi","Book","PrintBook","Di 1 ban",22,"接力出版社","Nanning","Er tong xiao shuo Zhong pian xiao shuo Jia na da Xiandai,Er tong xiao shuo Duan pian xiao shuo Jia na da Xiandai","Ben shu jiang shu le yi tou gong lu de gu shi,Gong lu yi zhi bei yi ge lie ren suo zhui gan,You yi tian,Gong lu bei shang de yan shen yu bu sha ta de lie ren dui shi de shun jian,Lie ren fang xia le shou zhong de lie qiang.Yi zhi hong song shu qi ka,Ta zui xi huan chi hong mo gu.Ke shi you yi tian,Ta chi le hong mo gu hou,Ta de qi zi bu gao xing le.Xi dun bi xia de dong wu ge ju xing tai,Xiang ren men zhan shi zhe bu tong dong wu de qing gan he jing shen shi jie","否"
"1178923904","9787544859844,7544859843","小熊焦尼","塞顿 Seton, Ernest Thompson 1860-1946","2019","chi","Book","PrintBook","Di 1 ban",5,"接力出版社","Nanning","Er tong xiao shuo Zhong pian xiao shuo Jia na da Xiandai,Er tong xiao shuo Duan pian xiao shuo Jia na da Xiandai","Ben shu bao kuo< xiao xiong jiao ni>< xiao gou jie ke> liang pian dong wu xiao shuo.< xiao xiong jiao ni> jiang shu yin wei ma ma de chong ai,Xiao xiong jiao ni you xie jiao zao he ren xing,Dan ta hen cong ming,De dao le jiu dian gong zuo ren yuan de zhao gu.< xiao gou jie ke> jiang shu jie ke shi yi zhi ben xiao gou,Zuo guo hen duo chun shi,Dan ta hen yong gan,Zhong xin geng geng di dui kang jiao lang,Bao hu zhe zhu ren de zhang peng","否"
"1129649451","9787544853415,7544853411","荒岛机器人","布朗 (Brown, Peter)","2018","chi","Book","PrintBook","Di 1 ban",2,"接力出版社","Nanning","Er tong xiao shuo Zhang pian xiao shuo Meiguo Xian dai","","否"
"1190653591","9787544866644,7544866645","中国科幻文学沉思录 : 吴岩学术自选集 = Meditations on Chinese science fiction literature : Wu Yan's self-selected academic works","吴岩, 1962- author","2020","chi","Book","PrintBook","Di 1 ban",1,"接力出版社","Nanning Shi","Science fiction, Chinese History and criticism,Science fiction History and criticism,Science fiction,Science fiction, Chinese,Criticism, interpretation, etc","""中国科幻文学沉思录-吴岩学术自选集""是我社国家出版基金""新视野中国儿童文学理论研究""书系的后续产品,是作者吴岩在过去40多年从事科幻理论研究的重要文选,全书分为科幻理论研究,中西科幻史研究,作家作品研究和科幻赋能研究四个部分.由于作者曾亲身参与新时期以来科幻文学理论和学科体系建设,且历任多种刊物的副主编和多个科幻大奖的评委会主席,对新时期以来中国科幻理论和实践发展有与众不同的感受,因此本书不是一般意义的理论著作,而是作者学术成长的心路历程.对想要了解近年来中国科幻文学发展历史,理论研究状况和创作状况的读者来说,本书是非常好的参考读物","否"
"1395924351","9787544863209,7544863204,9787544863216,7544863212,9787544863223,7544863220,9787544863230,7544863239,9787544863193,7544863190,9787544869010,7544869016,9787544869027,7544869024","记忆大师 = Master of memory","庄海燕 author","2019","chi","Book","PrintBook","Di 1 ban",1,"接力出版社","Nanning","Science fiction","","否"
"1198145570","9787544861045,754486104X","白狐迪拉与月亮石","陈佳同 (1987-)","2019","chi","Book","PrintBook","Di 1 ban",4,"接力出版社","Nanning","Er tong xiao shuo Zhang pian xiao shuo Zhong guo Dangdai","Ben shu zhong,Di la shi yi zhi lai zi bei ji de bai hu,Cong xiao meng xiang bian cheng ren lei.Yi tian,Yi ge yin mou rang di la xiang ji shi qu le shuang qin,Mu qin zai lin si qian gao su ta:chuan shuo hen jiu yi qian,Bai hu de shou hu shen wu la da zao le yi jian kuang shi qi bao,Shei zhao dao ta shei jiu neng cong dong wu bian cheng zhu zai wan wu de ren lei.Wei le shi xian zi ji de meng xiang,Di la dai zhe mu qin liu ji ta de yi wu yue liang shi,Ta shang le xun bao de zheng cheng,Zhei kuai bao shi neng zhi yin wu la mi bao de wei zhi","否"
"1200843739","9787544862806,7544862801","加油!警车","竹下文子 (1957-)","2019","chi","Book","PrintBook","Di 3 ban",8,"接力出版社","Nanning","Tu hua gu shi Ri ben Xiandai","嘟,嘟,嘟!警察叔叔开着警车巡逻,从这条路跑到那条路.帮着小狗找主人,领着小朋友过马路.抓住了一个大强盗,强盗乖乖举起了手.好棒的警车,好棒的警察叔叔!本书在阅读游戏中,让孩子了解警察叔叔一天的工作和警车的相关知识","否"
"1130354876","9787544857390,7544857395","新邻居来了","武鹿悦子 女, 1928-.","2018","chi","Book","PrintBook","Di 1 ban",4,"接力出版社","Nanning","Tu hua gu shi Ri ben Xiandai","本书讲述:青蛙来看房,但他嫌8楼太高,当听说7楼住着松鸦,9楼住着猫头鹰,他更加害怕了.离开时,青蛙不小心从楼上摔了下来","否"
"1129664903","9787544855815,7544855813","巴巴爸爸搬大树","缇森 (女,Tison, A.)","2018","chi","Book","PrintBook","Di 2 ban",3,"接力出版社","Nanning","Tu hua gu shi Faguo Xian dai","本书讲述:夏天快结束了,巴巴爸爸一家到山上摘蓝莓.水中的一个土堆上,有一丛蓝莓长得特别好.旁边有一棵大树,那是猫头鹰的家.可是这棵树快要倒掉了,巴巴爸爸得帮帮它.没想到的是,树底下还有海狸一家呢,大树移走了,他们的家没了,怎么办呢","否"
"1129652526","9787544854078,7544854078","巨蜥荒岛的致命毒牙","格里尔斯 Grylls, Bear 1974-.","2018","chi","Book","PrintBook","Di 2 ban",,"接力出版社","Nanning","Er tong xiao shuo Jing xian xiao shuo Yingguo Xian dai,Zhang pian xiao shuo Yingguo Xian dai","Ben shu jiang shu le shao nian bei ke he zhong guo de hao huo ban long yao,Zhou jian yi qi zai zhong guo dong nan hai yu jin xing hang hai de guo cheng zhong, yin qian yi duan shi jian de tai feng, dao zhi hai di yan shi fa sheng le bian hua, san ge xiao huo ban de fan chuan chu jiao chen mei le, ta men bu de bu qi chuan tao sheng, lai dao le fu jin de yi ge huang dao shang, dang ta men xiang ban fa sheng cun xia qu, deng dai jiu yuan de shi hou, huang dao de zhu ren ju xi que wei le he ta men zheng duo shi wu er fa sheng le dou zheng.Yin fan chuan er zao cheng shou wan gu zhe de zhou jian, zai dou zheng zhong bu shen bei ju xi yao shang, fa sheng le xue zhong du xian xiang.Ta men neng zai yu ju xi de bo dou zhong sheng cun xia qu ma? neng deng lai jiu yuan ma? zhou jian de yao shang neng jian chi xia qu ma","否"
"1200843213","9787544861625,7544861627","小驴摘香瓜","香果.","2019","chi","Book","PrintBook","Di 1 ban",2,"接力出版社","Nanning","Er tong gu shi Tu hua gu shi Zhong guo Dangdai","本书是新锐绘本作者香果自写自绘的图画书,适合3-6岁幼儿阅读及亲子共读.故事讲述,夏天到了,香瓜熟了.小驴的爸爸带着小驴去老姨家帮忙摘香瓜.第一次去瓜田的小驴兴奋极了,在小表弟的带领下,他亲手摘下了甜甜的香瓜,还遇上了偷瓜的大眼贼,于是,发生了一段难忘的摘瓜趣事......","否"
"1129663774","9787544855693,7544855694","巴巴爸爸的火星旅行","缇森 (女,Tison, A.)","2018","chi","Book","PrintBook","Di 2 ban",2,"接力出版社","Nanning","Tu hua gu shi Faguo Xian dai","本书讲述了:一天,巴巴布莱特收听到一段来自火星的音乐.原来火星上也有这么好听的音乐,巴巴爸爸一家决定去火星上看看.火星的表面全是石头,光秃秃的,可是巴巴爸爸一家在深深的峡谷里,发现了神奇的蓝色植物,好听的音乐就是这些植物发出的","否"
"1200752723","9787544862875,7544862879","谢谢你!快递车","竹下文子 (1557-)","2019","chi","Book","PrintBook","Di 3 ban",2,"接力出版社","Nanning","Tu hua gu shi Ri ben Xiandai","爷爷和奶奶想把苹果寄给城里的孩子们尝尝.快递公司的车子来帮忙了!苹果被装进箱子送上了小货车;小货车到了营业所,苹果箱子又上了另一辆大车;在物流中心,苹果箱子被装上了最大的大货车,向城里驶去.本书在阅读游戏中,让孩子了解快递公司寄送包裹的知识","否"
"1200751372","9787544863339,7544863336","巷子里的野猫","塞顿 (Seton, Ernest Thompson)","2020.1","chi","Book","PrintBook","Di 1 ban",3,"接力出版社","Nanning","Er tong xiao shuo Duan pian xiao shuo Xiao shuo ji Jia na da Xiandai","""西顿动物小说彩绘版""收录了西顿全部的46篇动物故事,添加大量彩绘图片,该系列作品已经被翻译成世界多种文字,风靡世界100多年.西顿书中的动物不会说话,但它们有个性,有爱恨,凭着强烈的本能与自然,与人类抗争,充满了生命的尊严,它们惊心动魄的故事感动了一代又一代的读者.<巷子里的野猫>讲述了一只野猫的传奇命运.小猫吉蒂本是一只流浪在巷子里的野猫,它被当作高贵的猫参加展出并卖给有钱人家后,开始了不断的逃亡","否"
"1130385116","9787544860789,7544860787","奥比的多重世界","艾吉 (Edge, Christopher)","2019.5","chi","Book","PrintBook","Di 1 ban",1,"接力出版社","Nanning","Er tong xiao shuo Ke xue huan xiang xiao shuo Ying guo Xiandai","本书是一部科幻题材的儿童小说.奥比的妈妈去世了,他想知道妈妈去了哪里.他的父母都是科学家,他们总是能给出所有问题的答案.奥比的爸爸告诉他妈妈还活着,还和他们在一起,只是活在一个平行世界.所以奥比找来了一个纸箱,妈妈的电脑和一根正在腐烂的香蕉,穿越时空,把自己送到那个平行世界去找妈妈.在一次次旅行中,他总是和妈妈擦肩而过.终于在最后一次旅行里,他见到了妈妈,对她倾诉了想要跟她说的话","否"
"1198153684","9787544854306,7544854302","幼儿园的男老师 : 注音版","郑春华 女, 1959-.","2019","chi","Book","PrintBook","Di 1 ban",5,"接力出版社","Nanning","Er tong gu shi Zhong guo Dangdai,Han yu pin yin Yu yan du wu","Ben shu jiang shu le:you er yuan xin lai le yi wei nan lao shi,Xiao peng you dou qin qie di jiao ta""ou yang ge ge"".Ou yang ge ge de ben ling zhen da.Ta ke yi bei zhe xiao peng you xiang sha yu yi yang zai shui li you,Ye ke yi xiang da shan yi yang rang xiao peng you zhan zai ta de shou zhang shang,Ta shen zhi hai jiao nan hai zi xue da jia.He ou yang ge ge zai yi qi,Lao hu lai le dou bu pa","否"
"1200751097","9787544863278,7544863271","麻雀兰迪","西顿 Seton, Ernest Thompson 1860-1946","2020","chi","Book","PrintBook","Di 1 ban",8,"接力出版社","Nanning","Er tong xiao shuo Duan pian xiao shuo Xiao shuo ji Jia na da Xiandai","本书内容包括: 麻雀兰迪,沙漠妖精迪普,猎狗霹雳虎三部分","否"
"1129659466","9787544855587,7544855589","金鱼男孩","汤普森 (Thompson, Lisa)","2018","chi","Book","PrintBook","Di 1 ban",5,"接力出版社","Nanning","Er tong xiao shuo Zhang pian xiao shuo Yingguo Xian dai","Ben shu jiang shu le:ma xiu huan shang le yan zhong de qiang po zheng,Suo yi zhi yuan yi dai zai jia li,Mei tian dou zhan zai bo li chuang qian tou guo bo li guan cha wai mian de shi jie,Ran hou xi huan zai bi ji ben shang ji lu wai mian fa sheng de yi dian yi di.Lin ju cha li xian sheng you yi ge sun nü yi ge sun zi,Sun nü 6 sui sun zi 15 ge yue,Mei dang liang ge xiao hai er zai wai mian wan er de shi hou,Xiao nü hai er kan dao zhan zai bo li chuang hou mian de ma xiu jiu zhi ji di di kan,Bu tai hui shuo hua de xiao di di yi kan dao ma xiu jiu hui da jiao""jin yu"",Yin wei nei yang kan shang qu ma xiu zhen de xiang yi tiao sheng huo zai bo li gang li de jin yu","否"
"1130352756","9787544858151,7544858154","好想好想吃草莓","刘航宇.","2019","chi","Book","PrintBook","Di 1 ban",2,"接力出版社","Nanning","Er tong gu shi Tu hua gu shi Zhong guo Dangdai","听说,森林东边有香甜的草莓,一只慢吞吞的蜗牛准备过去看看.小蜗牛爬得好慢好慢呀,一路上,它的身边经过了一只又一只的动物.但是,森林太深了,蜗牛看不到它们是谁,只能听到""吱吱,吧嗒,哗啦,呼噜""的声音.蜗牛心里想着好吃的草莓,加速往前跑,但是跟其他动物相比,它还是最慢的那一只.蜗牛碰见了从森林西边返回的动物们,动物们都劝小蜗牛不用去了,根本没有草莓,只有一片草丛.它犹豫了一下,还是决定过去看看盼望已久的草莓.它走啊走,走啊走,没想到,等蜗牛赶到森林东边的时候,草莓丛已经长出了硕大的草莓.草莓真的好香甜,好香甜","否"
"1198151989","9787544862684,7544862682,9787544862837,7544862836","出发!坐车去海边","竹下文子 (1957-)","2019","chi","Book","PrintBook","Di 3 ban",7,"接力出版社","Nanning","Tu hua gu shi Ri ben Xiandai","Da jia yi qi zuo gong gong qi che qu hai bian!Qi che jing guo mian bao dian,Gang chu lu de mian bao xiang qi pu bi!Qi che ting zai tie lu dao kou bian,Shuang ceng de te kuai lie che huan huan kai guo!Qi che lu guo le xiao fang dui,Bian li dian,Yi lu xiang hai bian qian jin,Che chuang wai de feng jing bu duan bian hua,You qu ji le!Ben shu zai yue du you xi zhong,Rang hai zi ti yan zuo gong gong qi che shi che chuang wai jing wu bu duan bian hua de xin xian gan","否"
"1200751042","9787544863315,754486331X","松鼠银尾巴尖儿","西顿 Seton, Ernest Thompson 1860-1946","2020","chi","Book","PrintBook","Di 1 ban",2,"接力出版社","Nanning","Er tong xiao shuo Zhong pian xiao shuo Jia na da Xiandai","<松鼠银尾巴尖儿>中的银尾巴尖儿是一只灰松鼠,因它的尾巴尖儿上有一小撮泛着银光的毛而得名.银尾巴尖儿打小儿生活在农夫家里,它跟着小猫一起喝母猫的奶长大.后来,主人家的房子失火了,它无家可归.重返森林后,它渐渐适应了森林生活","否"
"1198136266","9787544861557,7544861554","奇怪的妈妈","白希那.","2019","chi","Book","PrintBook","Di 1 ban",4,"接力出版社","Nanning","Tu hua gu shi Han guo Xiandai","Ben shu jiang shu yi ge yu tian fa sheng de qi miao gu shi.Hao hao sheng bing le,Ma ma mei you lai,Que lai le yi wei hui mo fa de xian nü ma ma.Xian nü ma ma neng zao yun,Hui xia yu,Ke shi,Ta neng zhao gu hao sheng bing de hao hao ma","否"
"1111627601","9787544858137,7544858138","藏在橱柜里的博物馆 = The incredible cabinet of wonders = Cang zai chugui li de bowuguan","Joe Fullman","2019","chi","Book","PrintBook","Di 1 ban",1,"接力出版社","Nanning","Curiosities and wonders Juvenile literature,Antiquities Miscellanea Juvenile literature,Curiosités et merveilles Ouvrages pour la jeunesse,Antiquities,Curiosities and wonders,Trivia and miscellanea,Juvenile works,Australian","","否"
"1130335150","9787544860765,7544860760","梅西的无限生命","艾吉 (Edge, Christopher)","2019.5","chi","Book","PrintBook","Di 1 ban",1,"接力出版社","Nanning","Er tong xiao shuo Ke xue huan xiang xiao shuo Ying guo Xiandai","本书是一部科幻题材的儿童小说.梅西的生日到了,终于可以打开礼物了,她希望得到一些东西来建造自己的核反应堆.可是礼物打开了,房子变得空空荡荡,门外什么都没有,只有一片浓重的,可怕的黑暗.陷入虚空世界,梅西没有失去信心,她依靠宇宙的法则和爱她的家人,最终拯救了自己","否"
"1200846070","9787544861618,7544861619","小驴放风筝","香果.","2019","chi","Book","PrintBook","Di 1 ban",2,"接力出版社","Nanning","Er tong gu shi Tu hua gu shi Zhong guo Dangdai","本书是童书插画家香果自写自绘的原创图画书,适合3-6岁幼儿阅读.讲述了春天到来,小驴,小牛,小猪和小鸭等好朋友想一起去放风筝,可是他们从来没有放过风筝,经历了各种问题和挫折,他们终于把风筝放上了高高的天空的故事","否"
"1200752174","9787544863247,7544863247","小战马","西顿 欧·汤.","2020.1","chi","Book","PrintBook","Di 1 ban",9,"接力出版社","Nanning","Er tong xiao shuo Duan pian xiao shuo Xiao shuo ji Jia na da Xiandai","小战马不是马,而是一只头脑聪明,跑得飞快的长耳野兔.它浑身长有保护色;可以跳跃十二次才来一次""观察跳"";它跟镇上的猎狗比智慧,每次都能赢......因为出色,小战马成了第一批被捕猎的对象,并且成了赛狗的工具.后来,小战马回到它朝思暮想的大自然","否"
"1200844860","9787544862813,754486281X","呜!火车来啦","竹下文子 (1957-)","2019","chi","Book","PrintBook","Di 2 ban",3,"接力出版社","Nanning","Tu hua gu shi Ri ben Xiandai","呜!呜!呜!火车从隧道里开来啦!坐上火车,上班上学可真方便!呜!呜!呜!火车穿过田野开来啦!坐上火车,很快就能见到远方的亲人了!呜!呜!呜!忙忙碌碌的地铁,游乐园里的小火车......各种各样的火车都已经准备好出发啦!本书在阅读游戏中,让孩子感受火车给我们的生活带来的便利,认识生活中常见的各种轨道交通工具","否"
"1200845423","9787544863612,7544863611","章鱼先生过生日","韩煦.","2019","chi","Book","PrintBook","Di 1 ban",2,"接力出版社","Nanning","Tu hua gu shi Zhong guo Dangdai","这是一本献给2-5岁孩子的认知启蒙图画书,主要讲述各种小动物给章鱼先生送生日礼物的故事:小蜘蛛送了一颗蓝莓,大熊两口子送了两颗菠萝,小猪三姐妹送了三个石榴,还有很多动物带来了各种有趣的礼物","否"
"1200753285","9787544863261,7544863263","红脖子松鸡","西顿 Seton, E. T. 1860-1946","2020","chi","Book","PrintBook","Di 1 ban",12,"接力出版社","Nanning","Er tong xiao shuo Duan pian xiao shuo Xiao shuo ji Jia na da Xiandai","本书主要内容包括: 信鸽比赛,大蓝鸟,阿诺送求救信,阿诺创造记录,救了银行家一命,信鸽保护条例,与大蓝鸟一决高低,阿诺的新鸽舍,阿诺的脚环等","否"
"1129706167","9787544857123,7544857123","光阴之盒","马纳松 (Magnason,Andri Snaer)","2018","chi","Book","PrintBook","Di 1 ban",3,"接力出版社","Nanning","Er tong xiao shuo Zhang pian xiao shuo Bing dao Xian dai","Ben shu wei rao""shi guang bao he""-- guang yin zhi he zhan kai:cong qian,Yi wei tan lan de guo wang meng xiang zheng fu shi jie he shi jian,Hao rang ta de nü er di na yong bao qing chun he mei mao.Tong guo""yong heng gong zhu"" di na de ming yun gu shi,Yin chu xian dai she hui zhong ren men wei le tao bi kun jing de zhong zhong huang dan xing wei,Dui shi jian,Ze ren,Ai,Sheng ming yi yi,Huan jing deng zhong da wen ti jin xing le tan tao,Biao da le dui ren lei ming yun de guan zhu he dan you","否"
"1243226749","9787544863773,7544863778","找爸爸找妈妈的冒险之旅","旁帝 (Ponti, Claude)","2019","chi","Book","PrintBook","Di 1 ban",1,"接力出版社","Nanning","Tu hua gu shi Fa guo Xiandai","本书是一个想象力奇特的穷人家的故事.麦罗罗的爸爸是一辆出租车,用自己的肩膀接送客人.而麦罗罗妈妈的工作是照顾十字路口的红绿灯.他们在一个路口相遇,爱上了对方,辛勤劳动的他们很辛苦,越来越辛苦,个子也变得越来越小.直到有一天,爸爸妈妈不见了,伤心的麦罗罗和门一起开始了找爸爸找妈妈的奇幻冒险之旅.他们遇上了从眼泪里跑出的眼泪仙女和欢笑仙女.双胞胎仙女准备帮助施麦罗罗,在跟爸爸妈妈重聚之前,施麦罗罗经历了好多考验","否"
"1198149802","9787544862684,7544862682,9787544862868,7544862860","来!大家一起修马路","竹下文子 (1957-)","2019","chi","Book","PrintBook","Di 3 ban",4,"接力出版社","Nanning","Tu hua gu shi Ri ben Xiandai","Shi gong dui de shu shu gan dao mian bao dian qian xiu ma lu.Ge zhong ge yang de gong cheng che dou lai bang mang:dao lu qie ge ji ge kai lu mian,Wa jue ji ba li qing zhuang shang le da huo che,Fan dou che,Ya lu ji,Ping lu ji,Da jia yi qi lai bang ma lu huan shang xin yi shang!Ben shu zai yue du you xi zhong,Rang hai zi le jie xiu ma lu de chang shi,Tong guo hua mian he gu shi gao su hai zi bu tong zhong lei gong cheng che de gong neng he zuo yong","否"
"1130326444","9787544860772,7544860779","杰米的方程式","艾吉 (Edge, Christopher)","2019.5","chi","Book","PrintBook","Di 1 ban",1,"接力出版社","Nanning","Er tong xiao shuo Ke xue huan xiang xiao shuo Ying guo Xiandai","本书是一部科幻题材的儿童小说.杰米的爸爸是一位宇航员,正在国际航天站中环绕地球.杰米很想念他,跑到爸爸和妈妈曾经约会过的旧天文台去思念他.结果旧天文台中依然有人,并把杰米当成了入侵者控制住了.发现杰米没有恶意,天文台主人放过了他.杰米发现电话里有奇怪的信号,外星生命正在靠近自己的家.宇宙那么危险,爸爸的任务又出现问题.杰米担负起责任,解决危机,证明了自己是个英雄","否"
"1198147571","9787544861359,754486135X","机器人的逃跑计划","布朗 (Brown, Peter)","2019","chi","Book","PrintBook","Di 1 ban",1,"接力出版社","Nanning","Er tong xiao shuo Zhang pian xiao shuo Mei guo Xiandai","Ji qi ren luo si bei mai dao le nong chang,Kai shi le zai shan ding nong chang de gong zuo,Ta ji hu yao fu ze nong chang de suo you gong zuo,Ta shen zhi neng dui fu e lang de xi ji,Gen hai zi wan shua tan xin,You shi hai neng zhao liao nong chang zhu yi jia de yin shi qi ju.Dan shi,Luo si yi zhi dian ji zhe huang dao shang de da yan hai zi,Yi zhi zai yun niang zhe tao pao ji hua.Luo si bi xu duo guo nong chang zhu cun bu bu li de jian shi,Shuai diao tian di ji qi ren de zhui zong,Da bai fu chou de e lang,Hai yao ba she wu shu de huang shan xian tan,Chuan guo leng bing bing de cheng shi,Cai neng ben fu ta de gu xiang","否"
"1129686256","9787544854092,7544854094","猎豹幽谷的双重潜伏","格里尔斯 Grylls, Bear 1974-.","2018","chi","Book","PrintBook","Di 2 ban",2,"接力出版社","Nanning","Er tong xiao shuo Jing xian xiao shuo Yingguo Xian dai,Zhang pian xiao shuo Yingguo Xian dai","Bei ke yi wei ta de shuang bao tai mei mei dai an yi chu sheng jiu yao zhe le, zhi dao zhi dao dai an bei jie sheng de wen si luo yi sheng tou zou, bei mai dao le wei di ma la.Wei le ying jiu dai an, zhan mu si he ta xian hou qian fu dao you gu di bu. yu ci tong shi, dai an wei le huo de zi you luo ru le quan tao! jue wang zhi ji ta zhang wo le kong gao yang fu li ke de zheng ju, zai bei ke he zhan mu si de shuang zhong yan hu xia kai shi tao wang.Xiong mei liang pao ru sui dao, yong teng man zai yan dong zhong su jiang, qian shui tong guo an he, que fa xian you ren jian shi! ta men zhi hao hui dao he dao, yong shu gan jia zai pu bu liang bian de ao keng li, bi kai tuan ji de shui liu, xia dao xuan ya zui di bu de yan jia shang, tiao ru shui tan, jin ru cong lin.Dang ta men zai teng man zha de diao chuang shang guo ye shi, mei zhou bao zhui shang le ta men","否"
"1200845099","9787544862851,7544862852","叮咚!公共汽车","竹下文子 (1957-)","2019","chi","Book","PrintBook","Di 3 ban",4,"接力出版社","Nanning","Tu hua gu shi Ri ben Xiandai","叮咚,公共汽车开动了.叮咚,公共汽车停在了超市前,买完菜的妈妈们上车了.叮咚,公共汽车停在了小学校前,放学的学生们上车了.叮咚,公共汽车停在了医院前,宠物店前.公共汽车开呀开,送你送我送他,真好玩!本书在阅读游戏中,让孩子体验坐公共汽车的感觉,告诉孩子公共汽车的作用,一个个转折,让阅读过程充满惊喜","否"
"1129703457","9787544855709,7544855708","巴巴爸爸和圣诞礼物","缇森 (女,Tison, A.)","2018","chi","Book","PrintBook","Di 2 ban",2,"接力出版社","Nanning","Tu hua gu shi Faguo Xian dai","本书讲述了:圣诞节到了,圣诞老人悄悄送来了圣诞礼物.巴巴祖收到了一份特别大的礼物----一群漂亮的热带鸟儿.这些鸟儿受不了北方寒冷的天气.巴巴爸爸他们想尽了办法帮这些鸟儿们取暖,可是鸟儿们一直快乐不起来,巴巴爸爸决定让鸟儿们回到自己的家乡","否"
"1343561602","9787544873109,7544873102","去掰玉米的下午","早秋丸.","2021","chi","Book","PrintBook","Di 1 ban",2,"接力出版社","Nanning","Tu hua gu shi Zhongguo Dang dai","本书讲述了:小女孩和外婆一起去摘玉米.她们走在路上聊着庄稼,走到田里聊着虫子,掰完玉米满足地回家.祖孙间的闲话,秋日里的暖阳,在风里变慢的光线,夕阳下两个长长的影子,合成一份浓浓的化不开的亲情","否"
"1243213289","9787544862684,7544862682,9787544862820,7544862828","快来!一起盖房子","竹下文子 (1957-)","2019","chi","Book","PrintBook","Di 3 ban",5,"接力出版社","Nanning","Tu hua gu shi Ri ben Xiandai","","否"
"1130388386","9787544858984,7544858987","最后一只桃子 = = The last peach","巩孺萍.","2019.4","chi","Book","PrintBook","Di 1 ban",5,"接力出版社","Nanning","Er tong gu shi Tu hua gu shi Zhong guo Dangdai","本书是""没想到幼儿哲学启蒙绘本""系列中的一本,一只大大的桃子,吸引了刺猬,老鼠,兔子,豪猪,最后却被猴子吃掉了.因为其他的动物不会爬树,只能等着桃子掉下来,但是其实除了爬到树上摘桃子,也还有很多办法可以吃到桃子的.这个故事告诉孩子,遇到事情要积极想办法创造机会,不要等失去了才觉得可惜","否"
"1336544842","9787544869966,7544869962","暮光之城 / 新月","梅尔 女,Meyer, Stephenie 1973-.","2021","chi","Book","PrintBook","Di 2 ban",8,"接力出版社","Nanning","Zhang pian xiao shuo Mei guo Xiandai","本书讲述了:爱德华深深迷上贝拉,也喜欢上了她身上独特的香味.无奈欢乐时光总是短暂,在她十八岁生日派对上,贝拉不慎割伤了胳膊,流淌的鲜血勾起了爱德华家人嗜血的本性.为了保护自己心爱的人,爱德华和他的家族离开了福克斯小镇.爱德华走后,贝拉的世界彻底坍塌了,她开始尝试各种冒险的行径,因为她发现,只要她一做危险的事情,爱德华的声音就会出现在她的脑海里.贝拉自虐式的疯狂举动并没有让爱德华回心转意,这时,年少不羁的雅各布出现在她苍白的世界里,他虽知贝拉心中另有他人,还是深情地陪伴,保护着她.一个是坚如磐石的冰冷异类,一个是热情似火的炙热狼人,贝拉将如何抉择","否"
"1129689781","9787544855655,7544855651","巴巴爸爸找巴巴妈妈","缇森 (女,Tison, A.)","2018","chi","Book","PrintBook","Di 2 ban",2,"接力出版社","Nanning","Tu hua gu shi Faguo Xian dai","本书讲述:巴巴爸爸历尽艰辛四处寻找巴巴妈妈,去了印度,去了英国,去了美国,甚至去了外星球,可都没有找到,当巴巴爸爸垂头丧气地回到家时,却惊喜地发现巴巴妈妈就在眼前","否"
"1336576827","9787544867894,7544867897","小英雄雨来","管桦 (19221-20028)","2020","chi","Book","PrintBook","Di 1 ban",125,"接力出版社","Nanning","Er tong wen xue Zhang pian xiao shuo Zhong guo Dangdai","","否"
"oclc编号 - oclcNumber","书号 - isbns","书名 - title","作者 - creator","出版日期 - publicationDate","语言 - catalogingLanguage","格式 - generalFormat","详细格式 - specificFormat","版本 - edition","总版本数 - totalEditions","出版社 - publisher","出版地 - publicationPlace","主题 - subjects","简介 - summaries","是否同行审阅 - peerReviewed"
"1273323815","9787544859134,7544859134","萤窗小语","刘墉, 1949- author","2019","chi","Book","PrintBook","Di 2 ban, xin ban",19,"接力出版社","Nanning Shi","Chinese essays,Essais chinois","","否"
"1343596494","9787544871679,7544871673","爱丽丝漫游奇境","卡罗尔 Carroll, Lewis 1832-1898","2021","chi","Book","PrintBook","Di 1 ban",242,"接力出版社","Nanning","Yue du ke Xiao xue Ke wai du wu,Tong hua Yingguo Jin dai","本书从爱丽丝掉进兔子洞的那一刻起,美妙如梦的冒险随之展开,抽水烟的毛毛虫,坏脾气的老鼠,咧着嘴笑的猫让人过目难忘","否"
"1261871876","9787544859332,7544859339","我和无聊亲密无间","佐野洋子, 1938-2010, author","2019","chi","Book","PrintBook","Di 1 ban",1,"接力出版社","Nanning","Sano, Yōko, 1938-2010 In literature,Sano, Yōko, 1938-2010,Japanese prose literature 20th century,Japanese prose literature 21st century,Prose japonaise 20e siècle,Prose japonaise 21e siècle,Man hua Zuo pin ji Ri ben Xian dai,Japanese prose literature,Literature,1900-2099","这是一本根据佐野洋子的随笔改编的漫画集, 精选了日本著名作家, <活了100万次的猫>作者佐野洋子的9篇代表性随笔, 并配以日本图画书画家北村裕花专门创作的近250幅全彩插画, 令读者得以享受更加畅快淋漓的阅读体验. 佐野洋子的随笔冷静, 透彻, 洒脱, 同时又充满孩子般的纯粹与真性情, 她直面现代人关于家庭,教育, 社会竞争, 人际关系等问题的种种焦虑, 带领读者直面自己内心真正的渴望","否"
"1129897914","9787544853972,7544853977","狂鲨深海的复仇行动","格里尔斯 (Grylls, Bear)","2018","chi","Book","PrintBook","Di 2 ban",3,"接力出版社","Nanning","Zhang pian xiao shuo Yingguo Xian dai,Er tong xiao shuo Zhang pian xiao shuo Yingguo Xian dai","Wei le duo bi mei ti de wei zhui du jie, bei ke deng shang le yi sou you lun, shi wang jia le bi hai du jia.Tu ran, suo you chuan yuan dou xiao shi le.Jin jie zhe, you lun shen mi bao zha, bei ke he cheng ke dou xian ru le jue jing.Wei le zai sha yu chu mei de hai yu huo xia qu, bei ke yao yong fan bu xiu bu kai lie de jiu sheng ting, yong T xu shan cong hai shui zhong ti qu dan shui, guan cha hai ou, xun zhao lu di mei xiang dao, ji jiang huo jiu zhi ji, bei ke cai zhi dao ta yi jing xian ru le yi ge ke pa de fu chou xian jing","否"
"1243204511","9787544866569,7544866564","亨利去海上探险","泰勒 (Taylor, Mark)","2020","chi","Book","PrintBook","Di 1 ban",1,"接力出版社","Nanning","Tu hua gu shi Mei guo Xiandai","春天,一个美好的清晨,亭利和安格斯要去海上探险.他们乘着一只独木舟,去寻找未知的海洋,却意外漂流到了无人的荒岛.他们还能顺利地回到家吗","否"
"1243235848","9787544866552,7544866556","亨利去雪山探险","泰勒 (Taylor, Mark)","2020","chi","Book","PrintBook","Di 1 ban",1,"接力出版社","Nanning","Tu hua gu shi Mei guo Xiandai","一场暴风雪过后的早晨,亨利决定去雪山探险.他走进一个幽暗的洞穴,小心避开了正在冬眠的熊,却发现自己迷路子.他能找到回家的路吗","否"
"1198136748","9787544857802,7544857808","章鱼先生卖雨伞","韩煦.","2018","chi","Book","PrintBook","Di 1 ban",2,"接力出版社","Nanning","Tu hua gu shi Zhong guo Dangdai","","否"
"1243210627","9787544865739,7544865738","晚安之前演场戏","博伊德 (Boyd, Lizi)","2020","chi","Book","PrintBook","Di 1 ban",1,"接力出版社","Nanning","Tu hua gu shi Mei guo Xiandai","本书讲述了孩子的睡前时光.该睡觉了,可是小男孩和他的动物朋友们还不觉得困,于是他们开始玩过家家,假装去航海.可是刚开始分配角色,小男孩就睡着了,动物们只好自己和自己玩.可是他们怎么做都不顺利:穿戏服,小鸟的戏服太大;去唱歌,有浣熊最怕吵等","否"
"1243218956","9787544866712,7544866718","小猴子,快回家","英国尤斯伯恩出版公司.","2020","chi","Book","PrintBook","Di 1 ban",1,"接力出版社","Nanning","Zhi li you xi Xue qian jiao yu Jiao xue can kao zi liao","本书讲述的是小猴子在丛林里找朋友的故事.几只树蛙露出了大大的脚趾.茂密的树林间,巨嘴鸟正在叼果子吃.通过翻页的形式,本书展现出了戏剧化的寻找过程","否"
"1375150710","9787544874717,7544874710","水墨汉字绘本 / 指事篇上下十千","保冬妮 女, 1961-.","2022","chi","Book","PrintBook","Di 1 ban",4,"接力出版社","Nanning","Han zi Er tong du wu","本书选取""一二三四,本末尺寸,立中高直,元旦朱丹""等48个字,从汉字的源头,分析字形,字义和读音,带领孩子轻松走进汉字的世界","否"
"1130382093","9787544858960,7544858960","天亮了吗 = = Is it morning","萧袤.","2019.4","chi","Book","PrintBook","Di 1 ban",5,"接力出版社","Nanning","Er tong gu shi Tu hua gu shi Zhong guo Dangdai","本书是""没想到幼儿哲学启蒙绘本""系列中的一本,这本书是一个关于第一次的故事,小公鸡第一次打鸣,因为害怕起晚了,他不断地观察外面的亮光,萤火虫,焰火,流星,车灯......这些东西似乎有意在和小公鸡开玩笑,让他不断地以为天亮了.结果,一次又一次的落空耗尽了小公鸡的精力,最后终于天亮了,而他却在这个时候睡着了.虽然小公鸡没有完成打鸣的任务,但是他度过了一个美好的夜晚,这样的结局也是很美好的","否"
"1343552165","9787544871716,7544871711","来自帕丁顿的爱","邦德 (Bond, Michael)","2021","chi","Book","PrintBook","Di 1 ban",2,"接力出版社","Nanning","Tong hua Zuo pin ji Yingguo Xian dai","本书讲述了:第一次出门旅行,提着箱子不知该去哪里,让人想起孩子闯荡新世界的不易;洗个澡差点儿把房子淹了,布朗一家并没有责怪他,还说家里的天花板正好要修,让他感受到家庭的信任与被爱的温暖;第一次帮人理发,竟然给对方理了个光头,对方的原谅教他学会了如何和谐地与人相处,如何去爱","否"
"1388277518","9787544876384,7544876381,9787544876391,754487639X","我们的布老虎逃走了","彭懿 (1958-)","2022","chi","Book","PrintBook","Di 1 ban",2,"接力出版社","Nanning","Tu hua gu shi Zhongguo Dang dai,Hui ben","本书讲述了:这里是星期八幼儿园,一到星期八就会有奇怪的事情发生......今天,孩子们刚要和园长演手偶戏,布老虎手偶突然不干了:""我要当一天自由的老虎!""它呼啦变大,一口吃掉了园长......""快追呀,我们要把园长救出来!""","否"
"1243225939","9787544866729,7544866726","小海龟,看世界","英国尤斯伯恩出版公司.","2020","chi","Book","PrintBook","Di 1 ban",1,"接力出版社","Nanning","Zhi li you xi Xue qian jiao yu Jiao xue can kao zi liao","本书讲述的是小海龟在海洋里找朋友的故事.茂密的水草间,藏着一只海马.沙丘里,藏着一只刺魟.粉红色的珊瑚后面,藏着一只小丑鱼.通过翻页的形式,展现出了戏剧化的寻找过程","否"
"1336579673","9787544867917,7544867919","童年","高尔基 Горький, Максим 1868-1936","2020","chi","Book","PrintBook","Di 1 ban",439,"接力出版社","Nanning","Zhang pian xiao shuo Su lian Xiandai","高尔基是一个在黑暗中追求光明的作家,他在幼年时就对事物特别敏感,关注人间的冷暖善恶,<童年>正是对他儿童时代生活的写照.在作品中,他记录了外祖父一家以及众多底层老百姓的实际状况,刻画了外祖父,外祖母,两个舅舅,邻居,房客等众多人物形象,再现了十九世纪末大革命爆发前夕,俄国在沙皇残暴统治下,民不聊生的社会现实,绘制了一幅十九世纪末俄国社会的大图卷","否"
"1343550387","9787544871662,7544871665","尼尔斯骑鹅旅行记","拉格洛夫 女,Lagerlof, Selma Ottiliana Lovisa 1858-1940","2021","chi","Book","PrintBook","Di 1 ban",211,"接力出版社","Nanning","Yue du ke Xiao xue Ke wai du wu,Tong hua Ruidian Jin dai","本书讲述了:尼尔斯住在瑞典,他不爱读书学习,喜欢调皮捣蛋.一天,他在家里因捉弄了一个小精灵而变成一个拇指般大的小人儿.尼尔斯骑在鹅背上,跟大雁周游瑞典各地,看到了旖旎风光,学习了地理知识,听了许多故事传说,饱尝了艰险和苦难.经过这次旅行,尼尔斯会有什么改变,他最终能变回原来的模样吗","否"
"1130384457","9787544859004,7544859002","今天不高兴 = = Bad mood today","巩孺萍.","2019.4","chi","Book","PrintBook","Di 1 ban",5,"接力出版社","Nanning","Er tong gu shi Tu hua gu shi Zhong guo Dangdai","本书是""没想到幼儿哲学启蒙绘本""系列中的一本,这本书是一个关于情绪认知的故事,蛇不高兴因为水管比它长,长颈鹿不高兴因为吊塔比他高,豹子不高兴,因为火车比它快......动物们不高兴都是有自己的原因的,孩子们知道怎么表达自己不高兴的情绪吗而且这本书的结尾还传达出了要爱护家园,爱护自然的意思,又为故事增加了一个更好的含义","否"
"1336587632","9787544869546,7544869547","楼上的熊","陈晨.","2021","chi","Book","PrintBook","Di 1 ban",2,"接力出版社","Nanning","Tu hua gu shi Zhong guo Dangdai","本书讲述了在小镇的一栋居民楼里,熊和女孩生活在一起.女孩早出晚归,无微不至地照顾熊.随着时光的流逝,熊越来越向往森林的自由,他们原本平静的生活逐渐产生了波澜","否"
"1343561082","9787544871655,7544871657","鲁滨逊漂流记","笛福 Defoe, Daniel 1660-1731","2021","chi","Book","PrintBook","Di 1 ban",304,"接力出版社","Nanning","Yue du ke Xiao xue Ke wai du wu,Zhang pian xiao shuo Yingguo Jin dai","本书主要讲述了出身于商人之家的鲁滨逊冒险出海航行,被海浪抛到一座荒无人烟的海岛上,在那里坚强地度过了28年孤独时光的故事","否"
"1330538162","9787544865814,7544865819","我和小狼芬里尔","格日勒其木格·黑鹤, 1975- author","2020","chi","Book","PrintBook","Di 1 ban",1,"接力出版社","Nanning","Wolves Fiction,Loups Romans, nouvelles, etc,Wolves,Fiction","本书是著名动物文学作家格日勒其木格·黑鹤首部以""狼""为主角的长篇小说,凭借自己长期在草原生活的阅历积累,凭借自己对牧羊犬,蒙古马,狼獾,夜鹰,驯鹿等动物的细腻观察和研究,作家将小狼芬里尔的内心世界刻画得栩栩如生.芬里尔是一头小狼,一头牧羊犬妈妈哺育长大的小狼,在它的传奇故事里,展现出自然生灵斑斓夺目的瑰丽图景,寄寓着作者深沉博大的悲悯情怀","否"
"1336570179","9787544869034,7544869032","章鱼先生藏哪儿了","韩煦 (女)","2021","chi","Book","PrintBook","Di 1 ban",2,"接力出版社","Nanning","Tu hua gu shi Zhong guo Dangdai","本书讲述了:章鱼先生说自己是捉迷藏大王,大家可不相信.螃蟹在罐子里面看到了章鱼先生的斑纹,海龟在贝壳下面看到了章鱼先生的触手,小丑鱼在珊瑚丛中间看到了章鱼先生的大脑袋,到底哪一个才是真正的章鱼先生呢.本书在愉快的捉迷藏游戏中,为小读者展现了各种海洋生物的特性","否"
"1336582619","9787544869058,7544869059","章鱼先生要比赛","韩煦 (女)","2021","chi","Book","PrintBook","Di 1 ban",2,"接力出版社","Nanning","Tu hua gu shi Zhong guo Dangdai","本书讲述了:无聊的一天,章鱼先生提议大家一起来比赛.长颈鹿个头高,豹子跑得最快,河马嘴巴大,公鸡嗓门高.可是,章鱼先生会做的一件事,他们谁都比不了.书中各种形式的比赛展现了各种动物的特性,更告诉孩子,每个人都是独一无二的,都有自己最闪光的地方","否"
"1243214129","9787544868198,7544868192","小公鸡的蛋","洛迪格 Rodriguez, Batrice 1969-.","2020","chi","Book","PrintBook","Di 1 ban",,"接力出版社","Nanning","Tu hua gu shi Fa guo Xiandai","","否"
"1129669741","9787544853712,7544853713","一只特立独行的猪","王小波 (1952-1997)","2018","chi","Book","PrintBook","Di 1 ban",12,"接力出版社","Nanning","Tu hua gu shi Zhongguo Dang dai","本书由丰子恺儿童图画书奖获得者张宁,根据著名作家王小波同名代表作改编,采用中国传统的剪布绣和帖布绣技艺,并借鉴生动古朴的汉画风格而创作的:一只特立独行的小猪,不愿意待在猪圈里吃饭,睡觉,长肉,它只喜欢跑步,喜欢游泳,它想要按照自己的意愿生活......","否"
"1243219920","9787544866736,7544866734","小老鼠,逛花园","英国尤斯伯恩出版公司.","2020","chi","Book","PrintBook","Di 1 ban",1,"接力出版社","Nanning","Zhi li you xi Xue qian jiao yu Jiao xue can kao zi liao","本书讲述的是小老鼠在花园里找朋友的故事.美丽的大花下,藏着美丽的小蜜蜂.池塘的荷叶下,有一只刚跳入水中的小青蛙.通过翻页的形式,展现出了戏剧化的寻找过程","否"
"1243244111","9787544866705,754486670X","小松鼠,出门啦","英国尤斯伯恩出版公司.","2020","chi","Book","PrintBook","Di 1 ban",1,"接力出版社","Nanning","Zhi li you xi Xue qian jiao yu Jiao xue can kao zi liao","本书讲述的是小松鼠在森林里找朋友的故事.一片树叶后面,藏着正在睡觉的猫头鹰.地上的蘑菇后面,一只鼹鼠正在挖地道.幼儿可以与家长一起,翻开翻页,看看后面藏了什么小动物","否"
"1388277477","9787544876360,7544876365,9787544876391,754487639X","我们的小被子逃走了","彭懿 (1958-)","2022","chi","Book","PrintBook","Di 1 ban",2,"接力出版社","Nanning","Tu hua gu shi Zhongguo Dang dai,Hui ben","本书讲述了:这里是星期八幼儿园,一到星期八就会有奇怪的事情发生......今天,孩子们不想睡午觉,拽着小被子又吵又闹.小被子们生气了:""你们不睡觉,我们要睡觉啊!""它们手拉手,呼啦啦飞出好远......""快追呀,我们的小被子逃走了!""","否"
"1269609097","9787544860277,7544860272","超越全书","刘墉, 1949- author","2019","chi","Book","PrintBook","Di 3 ban",3,"接力出版社","Nanning Shi","Chinese essays 21st century,Essais chinois 21e siècle,Chinese essays,2000-2099","","否"
"1343573878","9787544873093,7544873099","我们的妈妈是狮子","芹子.","2021","chi","Book","PrintBook","Di 1 ban",2,"接力出版社","Nanning","Tu hua gu shi Zhongguo Dang dai","本书讲述了:我和妹妹每天打打闹闹,从来不好好吃一顿饭,还冲着妈妈发射抱枕炮弹.终于,我们的妈妈变成了一头会喷火的狮子.更糟糕的是,狮子妈妈一头扎进了树林子里,她说她现在是头自由的狮子,才不要回家当什么妈妈.哎呀,这可该怎么办呢","否"
"1375139680","9787544874694,7544874699","水墨汉字绘本 / 象形篇日月山川","保冬妮 女, 1961-.","2022","chi","Book","PrintBook","Di 1 ban",3,"接力出版社","Nanning","Han zi Er tong du wu","本书选取了""云雨火电,草木虫贝""等48个象形字,从汉字的源头,分析字形,字义和读音,带领孩子轻松走进汉字的世界","否"
"1129652523","9787544854566,7544854566","冷房子 热房子","马特 (Matter, Philippe)","2018","chi","Book","PrintBook","Di 2 ban",2,"接力出版社","Nanning","Tu hua gu shi Faguo Xian dai","本书以明快生动,感染力极强的画面和幽默风趣的口吻,描绘了米尼狼和小伙伴们的成长故事和心理历程,给孩子以勇气,快乐和自信,让孩子们在笑声中积累,验证自己的成长经验.本册包含《冷房子 热房子》《藏起来吧,恐龙》两个故事","否"
"1129702765","9787544855686,7544855686","巴巴爸爸的学校","缇森 (女,Tison, A.)","2018","chi","Book","PrintBook","Di 2 ban",2,"接力出版社","Nanning","Tu hua gu shi Faguo Xian dai","本书讲述:巴巴爸爸建学校了,在巴巴学校里,喜欢唱歌和跳舞的小朋友,可以上巴巴拉拉和巴巴贝尔的音乐课;喜欢机器和电力的小朋友,可以上巴巴布莱特的课;喜欢画画的小朋友,可以跟着巴巴伯学.巴巴爸爸一家可以变来变去,他们连学习用具都不用买了.孩子们在巴巴学校里学会了种植物,做陶器,搭树屋,真是令人羡慕的学校啊","否"
"1388266200","9787544876377,7544876373,9787544876391,754487639X","我们的小雨鞋逃走了","彭懿 (1958-)","2022","chi","Book","PrintBook","Di 1 ban",2,"接力出版社","Nanning","Tu hua gu shi Zhongguo Dang dai,Hui ben","本书讲述了:这里是星期八幼儿园,一到星期八就会有奇怪的事情发生......今天,孩子们刚要回教室,小雨鞋们突然嚷起来:""我们还没玩够呢!""它们--个--个蹦蹦跳跳往外跑.""快追呀,我们的小雨鞋逃走了!""","否"
"1336571742","9787544867610,7544867617,9787544867580,7544867587","第一次过河","陈晖 (1965-)","2020","chi","Book","PrintBook","Di 1 ban",2,"接力出版社","Nanning","Tu hua gu shi Zhong guo Dangdai","","否"
"1336564034","9787544868716,7544868710","想心事的小字母","陶天真.","2020","chi","Book","PrintBook","Di 1 ban",3,"接力出版社","Nanning","Tu hua gu shi Zhong guo Dangdai","","否"
"1243219962","9787544863988,7544863980","蓝光长毛狗","黄善美.","2020","chi","Book","PrintBook","Di 1 ban",2,"接力出版社","Nanning","Er tong xiao shuo Zhang pian xiao shuo Han guo Xiandai","本书讲述了:小狗""长发""从出生时起,就和家人生活在焊匠老人""大嗓门""家的小院里.为了生计,狗家族时刻面临被老人贩卖的威胁.弟弟和哥哥先后被陌生人抱走,这让长发时刻警惕着保护自己和家人.可意外还是发生了:妈妈和其他兄弟姐妹不幸被狗贩子偷走,院子里只剩下了长发.可小宝贝诞生后,做了母亲的长发重新有了家的感觉.就在她认为可以与主人缓和关系时,为筹集修补房屋的钱款,主人再次让狗贩子走进小院,长发雷鸣般咆哮着冲上前去","否"
"1343598031","9787544869607,7544869601","西游记","吴承恩.","2021","chi","Book","PrintBook","Di 1 ban",1532,"接力出版社","Nanning","Yue du ke Xiao xue Ke wai du wu,Zhang hui xiao shuo Zhongguo Suo xie Ming dai,Zhang pian xiao shuo Zhongguo Suo xie Ming dai,Gu dian xiao shuo Zhongguo Suo xie Ming dai","","否"
"1388301050","9787544876353,7544876357,9787544876391,754487639X","我们的小屁股逃走了","彭懿 (1958-)","2022","chi","Book","PrintBook","Di 1 ban",2,"接力出版社","Nanning","Tu hua gu shi Zhongguo Dang dai,Hui ben","","否"
"1336555336","9787544868440,7544868443","柳林风声","格雷厄姆 (Grahame, Kenneth)","2020","chi","Book","PrintBook","Di 1 ban",230,"接力出版社","Nanning","Tong hua Ying guo Xiandai","","否"
"1243214332","9787544867818,7544867811","文字森林海","林世仁 (1964-)","2020","chi","Book","PrintBook","Di 2 ban",6,"接力出版社","Nanning","Er tong shi ge Shi ji Zhong guo Dangdai","","否"
"1343577767","9787544869591,7544869598","三国演义","罗贯中 (1330-1400)","2021","chi","Book","PrintBook","Di 1 ban",253,"接力出版社","Nanning","Yue du ke Xiao xue Ke wai du wu,Jiang shi xiao shuo Zhongguo Suo xie Ming dai,Zhang hui xiao shuo Zhongguo Suo xie Ming dai,Zhang pian xiao shuo Zhongguo Suo xie Ming dai","","否"
"1130333973","9787544859035,7544859037","就不 = = I won't","巩孺萍.","2019.4","chi","Book","PrintBook","Di 1 ban",5,"接力出版社","Nanning","Er tong gu shi Tu hua gu shi Zhong guo Dangdai","本书是""没想到幼儿哲学启蒙绘本""系列中的一本,这本书是一个关于孩子逆反期的故事,2岁是一个让家长头疼的年纪,孩子们开始形成了自己独特的个性,""不""这个字成了孩子们最常说的字.这本书通过反复的""就不""情节,一方面让孩子健康的释放逆反情绪,另一方面又让孩子意识到培养好的生活习惯的重要性","否"
"1243210552","9787544863971,7544863972","占领果园","黄善美.","2020","chi","Book","PrintBook","Di 1 ban",2,"接力出版社","Nanning","Er tong xiao shuo Duan pian xiao shuo Xiao shuo ji Han guo Xiandai","本书收录了<鸭子家族痛快的郊游><老鼠捉猫><树神搬家><奶奶的寻宝图>等动物短篇小说","否"
"1343572672","9787544869577,7544869571","克雷洛夫寓言","克雷洛夫 Крылов, Иван Андреевич 1768-1844","2021","chi","Book","PrintBook","Di 1 ban",109,"接力出版社","Nanning","Yue du ke Xiao xue Ke wai du wu,Yu yan Zuo pin ji Eluosi Jin dai","本书收录了70篇克雷洛夫寓言,包括《公鸡和珍珠》《乌鸦与狐狸》《青蛙和牯牛》《狮子和蚊子》《树叶和树根》等","否"
"1130354280","9787544858991,7544858995","路 = The way","巩孺萍.","2019","chi","Book","PrintBook","Di 1 ban",5,"接力出版社","Nanning","Er tong gu shi Tu hua gu shi Zhong guo Dangdai","<路>是""没想到幼儿哲学启蒙绘本""系列中的一本,在这本书里,孩子将明白,所谓路,不一定是汽车行驶的大道,它可以是一根电线,一片叶子,一段矮墙,一根圆木,甚至是一道彩虹......路的形式千变万化,不变的是它始终在我们的脚下","否"
"1243236257","9787544862684,7544862682,9787544862844,7544862844","咔嚓!挖掘机","竹下文子 (1957-)","2019","chi","Book","PrintBook","Di 3 ban",8,"接力出版社","Nanning","Tu hua gu shi Ri ben Xiandai","","否"
"1388279812","9787544876346,7544876349,9787544876391,754487639X","我们的小马桶逃走了","彭懿 (1958-)","2022","chi","Book","PrintBook","Di 1 ban",2,"接力出版社","Nanning","Tu hua gu shi Zhongguo Dang dai,Hui ben","本书讲述了:这里是星期八幼儿园,一到星期八就会有奇怪的事情发生......今天,孩子们骑在小马桶上,又拍又喊不下来.小马桶们生气了:""我们不是让你们骑的大马!""它们长出胳膊,长出腿,排成一排,呱嗒呱嗒往外跑......""快追呀,我们的小马桶逃走了!""","否"
"1200752324","9787544861779,7544861775","美国少年学霸超级笔记 / 英语","美国沃克曼出版公司.","2019.10","chi","Book","PrintBook","Di 1 ban",1,"接力出版社","Nanning","Ying yu Zhong xue Xue xi can kao zi liao","<美国少年学霸超级笔记:英语>对于美国孩子来说其实相当于他们的语文课,包含词汇,语法,阅读,写作等方面.所以通过阅读这本书,中国的孩子们能获得的不只是英语的语法知识,更是从另一种角度学语文的特殊体验,发现主观感性的语文学习中共性,理性的一面,这对写作和表达自己的观点帮助很大","否"
"1343561552","9787544873192,7544873196","我的父亲和《黄河大合唱》","张安戈.","2021","chi","Book","PrintBook","Di 1 ban",1,"接力出版社","Nanning","Er tong wen xue Chuan ji xiao shuo Zhongguo Xian dai","本书作者以诗人之子的视角,呈现了《黄河大合唱》词作者光未然的成长和奋斗经历","否"
"1336585580","9787544871143,7544871142","大大的大大的大红薯","赤羽末吉 (1910-1990)","2021","chi","Book","PrintBook","Di 1 ban",5,"接力出版社","Nanning","Tu hua gu shi Ri ben Xiandai","","否"
"oclc编号 - oclcNumber","书号 - isbns","书名 - title","作者 - creator","出版日期 - publicationDate","语言 - catalogingLanguage","格式 - generalFormat","详细格式 - specificFormat","版本 - edition","总版本数 - totalEditions","出版社 - publisher","出版地 - publicationPlace","主题 - subjects","简介 - summaries","是否同行审阅 - peerReviewed"
"1130353949","9787544858977,7544858979","下雨了吗 = = Is it raining","巩孺萍.","2019.4","chi","Book","PrintBook","Di 1 ban",5,"接力出版社","Nanning","Er tong gu shi Tu hua gu shi Zhong guo Dangdai","本书是""没想到幼儿哲学启蒙绘本""系列中的一本,这本书中的故事从一只矮小的青蛙开始,到一只高大的长颈鹿结束,这期间发生了好多关于""下雨""的误会.你发现了什么没错,水滴一次比一次多, 动物一个比一个高.到最后,很多水滴落在长颈鹿的身上,还会有比长颈鹿更高的动物吗没有了,所以这次真的下雨了.这本书里不仅包含了高矮的认知,在图画中还隐藏了数学的认知","否"
"1336581088","9787544869041,7544869040","章鱼先生去拍照","韩煦.","2021","chi","Book","PrintBook","Di 1 ban",2,"接力出版社","Nanning","Tu hua gu shi Zhong guo Dangdai","","否"
"1243237818","9787544863964,7544863964","走出院子的母鸡","黄善美.","2020","chi","Book","PrintBook","Di 1 ban",2,"接力出版社","Nanning","Er tong xiao shuo Zhang pian xiao shuo Han guo Xiandai","本书讲述了:母鸡叶芽一直生活在养鸡场,梦想有一天能真正孕育,孵化,抚养一只自己的宝宝,但是,她下的蛋无一例外地被主人拿走.渴望孵出小鸡,当上妈妈的梦想,让叶芽不安,痛苦,惊喜,无助,奋斗.为了那个梦想,叶芽拒绝在养鸡场下蛋,很快,她被当成""废鸡"",先被主人扔到了死鸡坑,得救后又被院子家族赶出梦寐以求的院子.困境中,一只绿头鸭向叶芽伸出援助之手,帮助叶芽摆脱黄鼠狼,走出院子,重新开始全新,独立的生活.然而当生活的希望刚刚向叶芽招手,厄运却再次降临","否"
"1130382968","9787544854498,7544854493","鄂温克的驼鹿","格日勒其木格·黑鹤.","2018","chi","Book","PrintBook","Di 1 ban",3,"接力出版社","Nanning","Er tong gu shi Tu hua gu shi Zhong guo Dangdai","故事讲述使鹿鄂温克人生活在中国北方大兴安岭的广袤森林之中,以饲养驯鹿和狩猎为生.在一次狩猎中,老猎人格力什克无意中射杀了一头母驼鹿,母驼鹿的幼崽一直跟随着他回到了营地,格力什克给它取名为小犴.......小犴一天天长大,而格力什克越来越苍老,秋天,格力什克在外出寻找驯鹿时扭伤了脚,不得不到山下的敖鲁古雅乡去治疗.小犴从未离开过格力什克,跟随他走出山林.对于小犴来说,人类的世界充满危险.格力什克知道,小犴永远无法适应山下人类的世界,他带着小犴回到山上的驯鹿营地.格力什克预感到自己生命将尽,是时候让小犴回到丛林了.......自此,使鹿鄂温克人口口相传,在那广袤的森林深处,有一头巨兽般的驼鹿,守护着森林和逝去的猎人格力什克","否"
"1136579124","9787807321613,780732161X","诅咒","蔡骏 (1978-)","200.16","chi","Book","PrintBook","Di 1 ban",8,"接力出版社","Nanning","Zhong pian xiao shuo Zhong guo Dangdai","","否"
"1343565213","9787544867610,7544867617,9787544867566,7544867560","松果在哪里","陈晖.","2020","chi","Book","PrintBook","Di 1 ban",2,"接力出版社","Nanning","Tu hua gu shi Zhongguo Dang dai","","否"
"1343562955","9787544867610,7544867617,9787544867542,7544867544","天黑了","陈晖.","2020","chi","Book","PrintBook","Di 1 ban",2,"接力出版社","Nanning","Tu hua gu shi Zhongguo Dang dai","","否"
"1281600477","9787544821452,7544821455","童书创作实用指南 = Tongshu chuangzuo shiyong zhinan","Desdemona McCannon","2019","chi","Book","PrintBook","Di 1 ban",2,"接力出版社","Nanning Shi","Children's literature Authorship,Illustration of books,Illustrated children's books,Illustration des livres,Livres illustrés pour enfants,illustration (process)","","否"
"1388279537","9787544874564,7544874567","战火重生","塔西斯 (Tarshis, Lauren)","2022","chi","Book","PrintBook","Di 1 ban",3,"接力出版社","Nanning","Er tong xiao shuo Zhong pian xiao shuo Meiguo Xian dai","托马斯和博蒂是一对非裔兄妹,他们从出生起就是农场里的奴隶,饱受奴役和折磨.为了自由,托马斯带着博蒂逃出了农场.一路上惊险不断,既要躲避追捕,又要和南方叛军斗智斗勇,好不容易来到了自由的北方军营,又被带入了新的战场.托马斯自愿为北方军运送弹药,却遇上了最激烈的炮弹攻击","否"
"1343573606","9787544867610,7544867617,9787544867603,7544867609","找妈妈","陈晖.","2020","chi","Book","PrintBook","Di 1 ban",2,"接力出版社","Nanning","Tu hua gu shi Zhongguo Dang dai","","否"
"1375158575","9787544875042,7544875040","认真工作的比尔熊 = Bear at work","布莱克斯通 (Blackstone, Stella)","2021","chi","Book","PrintBook","Di 1 ban",1,"接力出版社","Nanning","Ying yu Er tong du wu","本书中比尔熊带领小朋友们认识自己的家,认识四季和天气,认识形状,认识家庭成员,认识交通工具,认识形状,认识场所和星期等,增长知识的同时开发宝宝语言潜能","否"
"1375140074","9787544875042,7544875040","比尔熊大大的家 = Bear at home","布莱克斯通 (Blackstone, Stella)","2021","chi","Book","PrintBook","Di 1 ban",1,"接力出版社","Nanning","Ying yu Er tong du wu","本书中比尔熊带领小朋友们认识空间,增长知识的同时开发宝宝语言潜能","否"
"1375141170","9787544875042,7544875040","忙碌的比尔熊一家 = Bear's busy family","布莱克斯通 (Blackstone, Stella)","2021","chi","Book","PrintBook","Di 1 ban",1,"接力出版社","Nanning","Ying yu Er tong du wu","本书中比尔熊带领小朋友们认识家庭成员,增长知识的同时开发宝宝语言潜能","否"
"1343578101","9787544867610,7544867617,9787544867573,7544867579","去不去","陈晖.","2020","chi","Book","PrintBook","Di 1 ban",2,"接力出版社","Nanning","Tu hua gu shi Zhongguo Dang dai","","否"
"1343551882","9787544870108,7544870103","七个好朋友","希和.","2021","chi","Book","PrintBook","Di 1 ban",2,"接力出版社","Nanning","Tu hua gu shi Zhongguo Dang dai","这是一本适合3-6岁孩子阅读的图画书,作者以中国传统""七巧板""的七个构件为原型,讲述了7个小木块共同生活,玩耍的故事,其间因为最小的一对双胞胎调皮自大,欺负并赶走了一对大双胞胎,后来他们认识了错误,七个好朋友和好如初.该书故事充满童趣,富有哲思与情感,同时也可以通过书中独特的中国元素""七巧板""培养和锻炼孩子的空间思维能力","否"
"1375130544","9787544875042,7544875040","比尔熊的生日 = Bear's birthday","布莱克斯通 (Blackstone, Stella)","2021","chi","Book","PrintBook","Di 1 ban",1,"接力出版社","Nanning","Ying yu Er tong du wu","本书中比尔熊带领小朋友们认识数字,增长知识的同时开发宝宝语言潜能","否"
"1343556081","9787544867979,7544867978","格林童话","格林 Grimm, Jacob 1785-1863","2020","chi","Book","PrintBook","Di 1 ban",466,"接力出版社","Nanning","Yue du ke Xiao xue Ke wai du wu,Tong hua Zuo pin ji Deguo Jin dai","本书收录了《猫和老鼠》《狼和七只小山羊》《青蛙王子和铁亨利》等19篇童话","否"
"1388308439","9787544874526,7544874524","地震夜的新生","塔西斯 (Tarshis, Lauren)","2022","chi","Book","PrintBook","Di 1 ban",4,"接力出版社","Nanning","Er tong xiao shuo Zhong pian xiao shuo Meiguo Xian dai","","否"
"1388268500","9787544874953,7544874958","戴高帽子的猫 = The cat in the hat","苏斯博士 Dr Seuss 1904-1991","2022","chi","Book","PrintBook","Di 1 ban",2,"接力出版社","Nanning","Ying yu Han yu Dui zhao du wu,Tu hua gu shi Meiguo Xian dai","","否"
"1375140482","9787544875042,7544875040","比尔熊的好天气 = Bear in sunshine","布莱克斯通 (Blackstone, Stella)","2021","chi","Book","PrintBook","Di 1 ban",4,"接力出版社","Nanning","Ying yu Er tong du wu","本书中比尔熊带领小朋友们认识四季和天气,增长知识的同时开发宝宝语言潜能","否"
"1136554190","9787544854047,7544854043","黑犀草原的绝地反击","格里尔斯 Grylls, Bear 1974-.","2018","chi","Book","PrintBook","Di 1 ban",4,"接力出版社","Nanning","","荒野求生少年生存小说系列 拓展版 7","否"
"1222964045","9787544859028,7544859029","谁的菜园 = Whose Garden","萧袤.","2019","chi","Book","PrintBook","Di 1 ban",6,"接力出版社","Nanning","Er tong gu shi Tu hua gu shi Zhongguo Dang dai,Dui zhao du wu Han yu ying yu","本书讲述了:菜园里,蚯蚓忙着松土,蝴蝶忙着传粉,蜜蜂忙着采蜜,青蛙忙着捉虫.大家都为菜园出了力,菜园是谁的呢","否"
"1375129865","9787544875042,7544875040","比尔熊进城 = Bear about town","布莱克斯通 (Blackstone, Stella)","2021","chi","Book","PrintBook","Di 1 ban",1,"接力出版社","Nanning","Ying yu Er tong du wu","本书中比尔熊带领小朋友们学习制定一周计划,增长知识的同时开发宝宝语言潜能","否"
"1375151136","9787544875042,7544875040","比尔熊去旅行 = Bear takes a trip","布莱克斯通 (Blackstone, Stella)","2021","chi","Book","PrintBook","Di 1 ban",2,"接力出版社","Nanning","Ying yu Er tong du wu","本书中比尔熊带领小朋友们培养时间观念,增长知识的同时开发宝宝语言潜能","否"
"1130350637","9787544854382,7544854388","我的第一本英语单词书 / 学校小百科","英国尤斯伯恩出版公司.","2018","chi","Book","PrintBook","Di 1 ban",1,"接力出版社","Nanning","Ying yu Ci hui Er tong jiao yu Jiao xue can kao zi liao","本书中约有300个单词,分为""准备去上学""""去上学""""在教室里""""美术课""""课间休息""""音乐课""""体育课""""午餐时间""""数学用语""""自然课堂""""故事时间""""我在学校的一天""12个单元,在不同的场景中,让孩子熟悉学校中常见的这些事物,培养孩子的语言表达及认知能力","否"
"1343553249","9787544867610,7544867617,9787544867559,7544867552","是我不小心","陈晖.","2020","chi","Book","PrintBook","Di 1 ban",2,"接力出版社","Nanning","Tu hua gu shi Zhongguo Dang dai","","否"
"1296135310","9787544859202,7544859207","人生百忌","刘墉, 1949- author","2019","chi","Book","PrintBook","Di 2 ban, xin ban",6,"接力出版社","Nanning","Chinese essays 21st century,Essais chinois 21e siècle,Chinese essays,2000-2099","","否"
"1222968729","9787544859011,7544859010","没用的蛋 = Useless egg","巩孺萍.","2019","chi","Book","PrintBook","Di 1 ban",5,"接力出版社","Nanning","Er tong gu shi Tu hua gu shi Zhongguo Dang dai,Dui zhao du wu Han yu ying yu","本书讲述了:母鸡捡到一枚蛋,觉得它没用;鸭子捡到这枚蛋,觉得它没用;喜鹊捡到这枚蛋,还是觉得它没用.没想到其实它是一个乒乓球","否"
"1243206002","9787544861915,7544861910,9787544861878,7544861872","鼹鼠和玩具汽车","米勒","2019","chi","Book","PrintBook","Di 1 ban",5,"接力出版社","Nanning","Tu hua gu shi Jie ke Xiandai","","否"
"1343563021","9787544872607,7544872602","巧克力战争","大石真 (1925-1990)","2021","chi","Book","PrintBook","Di 1 ban",10,"接力出版社","Nanning","Han yu pin yin Er tong du wu,Er tong xiao shuo Zhang pian xiao shuo Riben Xian dai","","否"
"1130333194","9787544856478,754485647X","鼹鼠做裤子","佩蒂斯卡 (Petiska-heirs, Eduard)","2018","chi","Book","PrintBook","Di 1 ban",8,"接力出版社","Nanning","Er tong gu shi Tu hua gu shi Jie ke Xiandai","本套书兼具趣味读故事和英语启蒙的功能,在<鼹鼠的故事(宝宝起步版)>的基础上进行改版,中文故事采用浅语式表达,英文选用简单的常用词语和句子.书中有趣的故事,简洁实用的英文,生动精美的插图,让孩子爱上阅读,培养孩子对不同语言的兴趣和良好的审美趣味.本套书共包含8册内容,分别是<鼹鼠的春天><鼹鼠的夏天><鼹鼠的秋天><鼹鼠的冬天><鼹鼠和小老鼠><鼹鼠和小兔子><鼹鼠和小熊><鼹鼠做裤子>","否"
"1343586523","9787544869584,754486958X","红楼梦","曹雪芹 (1715/1724-1763/1764)","2021","chi","Book","PrintBook","Di 1 ban",65,"接力出版社","Nanning","Yue du ke Xiao xue Ke wai du wu,Zhang hui xiao shuo Zhongguo Suo xie Qing dai,Zhang pian xiao shuo Zhongguo Suo xie Qing dai,Gu dian xiao shuo Zhongguo Suo xie Qing dai","","否"
"1343583378","9787544869935,7544869938","怪兽要吃旅行团","张李.","2020","chi","Book","PrintBook","Di 1 ban",2,"接力出版社","Nanning","Tu hua gu shi Zhongguo Dang dai","","否"
"1343567464","9787544867610,7544867617,9787544867535,7544867536","小熊壮壮","陈晖.","2020","chi","Book","PrintBook","Di 1 ban",2,"接力出版社","Nanning","Tu hua gu shi Zhongguo Dang dai","","否"
"1336547249","9787544872584,7544872580","我用32个睡魔怪救了我爸爸","彭懿.","2021","chi","Book","PrintBook","Di 1 ban",2,"接力出版社","Nanning","Er tong gu shi Tu hua gu shi Zhong guo Dangdai","本书是<我用32个屁打败了睡魔怪><我用32个睡魔怪打败了我妈妈>的续集,讲述了小主人公借助睡魔怪们的力量和智慧,帮助爸爸战胜噩梦的故事.最近爸爸情绪不太好,总是冲我发火!我发誓不再跟爸爸说话,直到小学毕业.可晚上,我刚睡着,就被一个小男孩摇醒了:""快救我,霸王龙又来追我了!""我以为是哪家小孩淘气,没想到轰隆一声,真的有一头霸王龙撞破墙壁冲了进来!我们东躲西藏,好不容易才逃到安全地带.可没想到,更离谱的事情发生了----比我还小的小男孩居然对我说:""儿子,谢谢你救了爸爸.""原来我跟爸爸做了同样的梦,在梦里他变得比我还小.睡魔怪们知道爸爸会跟我做一样的梦,就一起来看爸爸,我们一起在梦里玩得很开心.可没过几天,霸王龙又出现了,不管我们怎么逃,霸王龙都能找到我们,然后把爸爸抓走.看着爸爸越来越憔悴的样子,我决心一定要帮助爸爸.我去找睡魔怪们,睡魔怪们告诉我,有一个办法,但必须要我和爸爸勇敢地冲进霸王龙的嘴里.我和爸爸做好了准备,勇敢地跳进霸王龙的嘴里,然后我就醒了.打那天之后,我就再也没有梦见过霸王龙和""小屁孩""爸爸了","否"
"1343592619","9787544867801,7544867803","谁在床下养了一朵云","林世仁 (1964-)","2020","chi","Book","PrintBook","Di 2 ban",6,"接力出版社","Nanning","Tong hua shi Shi ji Zhongguo Dang dai","本书收录了《世界大扫除》《颜色跑到哪里去了》《偷偷告诉你》《换衣服》等29首童话诗","否"
"1375130783","9787544875042,7544875040","比尔熊去上学 = Bear's school day","布莱克斯通 (Blackstone, Stella)","2021","chi","Book","PrintBook","Di 1 ban",1,"接力出版社","Nanning","Ying yu Er tong du wu","本书中比尔熊带领小朋友们熟悉学校生活,增长知识的同时开发宝宝语言潜能","否"
"1296135181","9787544859110,7544859118","说话的魅力","刘墉, 1949- author","2019","chi","Book","PrintBook","Di 3 ban, xin ban",5,"接力出版社","Nanning","Chinese essays,Essais chinois","本书作者刘墉以""说话""为主题,把自己多年来关于说话的经验心得倾囊相授,内容涵盖日常交往,把话说好,幽默技巧,沟通秘诀等四大领域,教你如何坏话好说,狠话柔说,大话小说,笑话冷说,长话短说,虚话实说,重话狠说,急话缓说.既帮你分析古今中外的幽默,教你埋下伏笔,营造气氛,引爆笑点,把僵硬的语言变得婉转,黑白的语言变成彩色,还教你说话时需要注意的呼吸调整,仪表姿态,养气之方","否"
"1388256232","9787544864626,7544864626,9787544829939,7544829936","小猴子坦坦的大白熊","岩村和朗 (1939-)","2013","chi","Book","PrintBook","Di 1 ban",2,"接力出版社","Nanning","Tu hua gu shi Riben Xian dai","","否"
"1130333998","9787544854207,7544854205","怪物大师 = Monster master / 12, 来自地底的至尊魔器","雷欧幻像.","2018","chi","Book","PrintBook","Di 2 ban",3,"接力出版社","Nanning","Er tong xiao shuo Zhang pian xiao shuo Zhong guo Dangdai","本书主要内容是:隶属怪物大师管理协会的重刑监狱----锢魔城,竟然发生集体越狱!更让人难以置信的是,为首的似乎是布布路他们的老熟人----尼尼克拉尔!布布路一行奉命追踪,他们穿越无底沼泽,来到了武器之国----沙鲁.这里的监视无处不在,沙鲁人似乎竭力掩盖着什么不能说的秘密......由永夜之石制造的黑暗通道里,无数冷箭破空而来.罪与恶的泥淖中,仇恨的种子正生根发芽.在鲜血镌刻的仇恨之书上,载满了邪恶的诅咒.冥冥之中似乎有人刻意操控着一切,条理清晰地""导演""着一场癫狂之梦.埋葬在地底深处的禁忌武器即将重新启动,希望与绝望对垒,勇气与懦弱对决!唯有奉献,唯有牺牲,希望之光才能重新绽放!","否"
